Record Length,2.500000e+03,,   0.001925000000,  44.80000,
Sample Interval,1.000000e-07,,   0.001925100000,  46.40000,
Trigger Point,-1.925000000000e+04,,   0.001925200000,  44.80000,
,,,   0.001925300000,  44.80000,
,,,   0.001925400000,  45.60000,
,,,   0.001925500000,  44.80000,
Source,MATH,,   0.001925600000,  44.80000,
Vertical Units,V,,   0.001925700000,  45.60000,
Vertical Scale,2.000000e+01,,   0.001925800000,  44.80000,
Vertical Offset,0.000000e+00,,   0.001925900000,  44.00000,
Horizontal Units,s,,   0.001926000000,  45.60000,
Horizontal Scale,2.500000e-05,,   0.001926100000,  44.80000,
Pt Fmt,Y,,   0.001926200000,  44.80000,
Yzero,0.000000e+00,,   0.001926300000,  44.80000,
Probe Atten,1.000000e+00,,   0.001926400000,  44.00000,
Model Number,TDS1001B,,   0.001926500000,  44.80000,
Serial Number,C052131,,   0.001926600000,  45.60000,
Firmware Version,FV:v22.01,,   0.001926700000,  45.60000,
,,,0.001926800000,  44.80000,
,,,0.001926900000,  44.00000,
,,,0.001927000000,  44.80000,
,,,0.001927100000,  45.60000,
,,,0.001927200000,  44.80000,
,,,0.001927300000,  44.80000,
,,,0.001927400000,  44.80000,
,,,0.001927500000,  45.60000,
,,,0.001927600000,  45.60000,
,,,0.001927700000,  44.80000,
,,,0.001927800000,  44.80000,
,,,0.001927900000,  44.00000,
,,,0.001928000000,  44.80000,
,,,0.001928100000,  44.80000,
,,,0.001928200000,  44.00000,
,,,0.001928300000,  45.60000,
,,,0.001928400000,  44.80000,
,,,0.001928500000,  45.60000,
,,,0.001928600000,  44.80000,
,,,0.001928700000,  44.80000,
,,,0.001928800000,  44.80000,
,,,0.001928900000,  44.80000,
,,,0.001929000000,  44.00000,
,,,0.001929100000,  45.60000,
,,,0.001929200000,  44.00000,
,,,0.001929300000,  45.60000,
,,,0.001929400000,  44.80000,
,,,0.001929500000,  44.80000,
,,,0.001929600000,  44.00000,
,,,0.001929700000,  44.80000,
,,,0.001929800000,  44.80000,
,,,0.001929900000,  46.40000,
,,,0.001930000000,  45.60000,
,,,0.001930100000,  45.60000,
,,,0.001930200000,  44.80000,
,,,0.001930300000,  45.60000,
,,,0.001930400000,  44.80000,
,,,0.001930500000,  44.80000,
,,,0.001930600000,  44.80000,
,,,0.001930700000,  45.60000,
,,,0.001930800000,  45.60000,
,,,0.001930900000,  44.80000,
,,,0.001931000000,  44.80000,
,,,0.001931100000,  45.60000,
,,,0.001931200000,  45.60000,
,,,0.001931300000,  44.80000,
,,,0.001931400000,  45.60000,
,,,0.001931500000,  44.80000,
,,,0.001931600000,  45.60000,
,,,0.001931700000,  45.60000,
,,,0.001931800000,  44.80000,
,,,0.001931900000,  44.00000,
,,,0.001932000000,  44.80000,
,,,0.001932100000,  44.80000,
,,,0.001932200000,  45.60000,
,,,0.001932300000,  46.40000,
,,,0.001932400000,  44.00000,
,,,0.001932500000,  44.80000,
,,,0.001932600000,  44.80000,
,,,0.001932700000,  45.60000,
,,,0.001932800000,  44.80000,
,,,0.001932900000,  44.80000,
,,,0.001933000000,  44.80000,
,,,0.001933100000,  45.60000,
,,,0.001933200000,  46.40000,
,,,0.001933300000,  44.80000,
,,,0.001933400000,  45.60000,
,,,0.001933500000,  45.60000,
,,,0.001933600000,  44.80000,
,,,0.001933700000,  44.80000,
,,,0.001933800000,  44.80000,
,,,0.001933900000,  45.60000,
,,,0.001934000000,  46.40000,
,,,0.001934100000,  45.60000,
,,,0.001934200000,  45.60000,
,,,0.001934300000,  44.80000,
,,,0.001934400000,  44.00000,
,,,0.001934500000,  44.00000,
,,,0.001934600000,  44.00000,
,,,0.001934700000,  45.60000,
,,,0.001934800000,  44.80000,
,,,0.001934900000,  44.80000,
,,,0.001935000000,  45.60000,
,,,0.001935100000,  44.80000,
,,,0.001935200000,  44.00000,
,,,0.001935300000,  45.60000,
,,,0.001935400000,  44.80000,
,,,0.001935500000,  45.60000,
,,,0.001935600000,  44.80000,
,,,0.001935700000,  45.60000,
,,,0.001935800000,  45.60000,
,,,0.001935900000,  44.80000,
,,,0.001936000000,  44.80000,
,,,0.001936100000,  44.00000,
,,,0.001936200000,  44.00000,
,,,0.001936300000,  44.80000,
,,,0.001936400000,  45.60000,
,,,0.001936500000,  45.60000,
,,,0.001936600000,  46.40000,
,,,0.001936700000,  45.60000,
,,,0.001936800000,  44.00000,
,,,0.001936900000,  44.00000,
,,,0.001937000000,  44.80000,
,,,0.001937100000,  44.00000,
,,,0.001937200000,  45.60000,
,,,0.001937300000,  45.60000,
,,,0.001937400000,  44.80000,
,,,0.001937500000,  44.80000,
,,,0.001937600000,  44.80000,
,,,0.001937700000,  44.80000,
,,,0.001937800000,  45.60000,
,,,0.001937900000,  44.00000,
,,,0.001938000000,  45.60000,
,,,0.001938100000,  44.80000,
,,,0.001938200000,  44.80000,
,,,0.001938300000,  45.60000,
,,,0.001938400000,  45.60000,
,,,0.001938500000,  44.00000,
,,,0.001938600000,  44.00000,
,,,0.001938700000,  44.00000,
,,,0.001938800000,  44.00000,
,,,0.001938900000,  44.80000,
,,,0.001939000000,  44.00000,
,,,0.001939100000,  44.80000,
,,,0.001939200000,  44.80000,
,,,0.001939300000,  45.60000,
,,,0.001939400000,  44.00000,
,,,0.001939500000,  44.80000,
,,,0.001939600000,  44.80000,
,,,0.001939700000,  44.80000,
,,,0.001939800000,  45.60000,
,,,0.001939900000,  45.60000,
,,,0.001940000000,  45.60000,
,,,0.001940100000,  44.80000,
,,,0.001940200000,  44.00000,
,,,0.001940300000,  44.00000,
,,,0.001940400000,  44.80000,
,,,0.001940500000,  44.80000,
,,,0.001940600000,  45.60000,
,,,0.001940700000,  45.60000,
,,,0.001940800000,  44.80000,
,,,0.001940900000,  44.80000,
,,,0.001941000000,  46.40000,
,,,0.001941100000,  44.00000,
,,,0.001941200000,  44.00000,
,,,0.001941300000,  45.60000,
,,,0.001941400000,  45.60000,
,,,0.001941500000,  44.80000,
,,,0.001941600000,  46.40000,
,,,0.001941700000,  45.60000,
,,,0.001941800000,  44.00000,
,,,0.001941900000,  44.80000,
,,,0.001942000000,  44.00000,
,,,0.001942100000,  44.00000,
,,,0.001942200000,  45.60000,
,,,0.001942300000,  44.80000,
,,,0.001942400000,  44.80000,
,,,0.001942500000,  44.80000,
,,,0.001942600000,  45.60000,
,,,0.001942700000,  44.80000,
,,,0.001942800000,  44.80000,
,,,0.001942900000,  45.60000,
,,,0.001943000000,  44.80000,
,,,0.001943100000,  45.60000,
,,,0.001943200000,  45.60000,
,,,0.001943300000,  44.80000,
,,,0.001943400000,  44.80000,
,,,0.001943500000,  44.00000,
,,,0.001943600000,  43.20000,
,,,0.001943700000,  44.80000,
,,,0.001943800000,  44.80000,
,,,0.001943900000,  45.60000,
,,,0.001944000000,  45.60000,
,,,0.001944100000,  45.60000,
,,,0.001944200000,  44.00000,
,,,0.001944300000,  44.00000,
,,,0.001944400000,  44.80000,
,,,0.001944500000,  44.00000,
,,,0.001944600000,  45.60000,
,,,0.001944700000,  44.80000,
,,,0.001944800000,  44.80000,
,,,0.001944900000,  45.60000,
,,,0.001945000000,  44.00000,
,,,0.001945100000,  44.00000,
,,,0.001945200000,  44.80000,
,,,0.001945300000,  44.80000,
,,,0.001945400000,  44.80000,
,,,0.001945500000,  46.40000,
,,,0.001945600000,  45.60000,
,,,0.001945700000,  45.60000,
,,,0.001945800000,  44.80000,
,,,0.001945900000,  45.60000,
,,,0.001946000000,  44.80000,
,,,0.001946100000,  44.80000,
,,,0.001946200000,  44.00000,
,,,0.001946300000,  44.80000,
,,,0.001946400000,  45.60000,
,,,0.001946500000,  45.60000,
,,,0.001946600000,  45.60000,
,,,0.001946700000,  44.80000,
,,,0.001946800000,  44.80000,
,,,0.001946900000,  44.80000,
,,,0.001947000000,  44.80000,
,,,0.001947100000,  44.80000,
,,,0.001947200000,  44.80000,
,,,0.001947300000,  44.80000,
,,,0.001947400000,  45.60000,
,,,0.001947500000,  45.60000,
,,,0.001947600000,  45.60000,
,,,0.001947700000,  44.80000,
,,,0.001947800000,  44.80000,
,,,0.001947900000,  45.60000,
,,,0.001948000000,  45.60000,
,,,0.001948100000,  44.80000,
,,,0.001948200000,  45.60000,
,,,0.001948300000,  44.80000,
,,,0.001948400000,  44.80000,
,,,0.001948500000,  44.80000,
,,,0.001948600000,  44.00000,
,,,0.001948700000,  45.60000,
,,,0.001948800000,  44.80000,
,,,0.001948900000,  44.00000,
,,,0.001949000000,  45.60000,
,,,0.001949100000,  44.80000,
,,,0.001949200000,  44.00000,
,,,0.001949300000,  44.80000,
,,,0.001949400000,  44.00000,
,,,0.001949500000,  44.80000,
,,,0.001949600000,  44.80000,
,,,0.001949700000,  46.40000,
,,,0.001949800000,  45.60000,
,,,0.001949900000,  45.60000,
,,,0.001950000000,  44.80000,
,,,0.001950100000,  44.00000,
,,,0.001950200000,  44.80000,
,,,0.001950300000,  44.80000,
,,,0.001950400000,  44.80000,
,,,0.001950500000,  45.60000,
,,,0.001950600000,  46.40000,
,,,0.001950700000,  45.60000,
,,,0.001950800000,  44.80000,
,,,0.001950900000,  45.60000,
,,,0.001951000000,  44.80000,
,,,0.001951100000,  44.80000,
,,,0.001951200000,  44.80000,
,,,0.001951300000,  44.80000,
,,,0.001951400000,  44.80000,
,,,0.001951500000,  45.60000,
,,,0.001951600000,  45.60000,
,,,0.001951700000,  44.00000,
,,,0.001951800000,  44.00000,
,,,0.001951900000,  44.80000,
,,,0.001952000000,  44.00000,
,,,0.001952100000,  45.60000,
,,,0.001952200000,  44.80000,
,,,0.001952300000,  44.80000,
,,,0.001952400000,  45.60000,
,,,0.001952500000,  45.60000,
,,,0.001952600000,  44.80000,
,,,0.001952700000,  44.80000,
,,,0.001952800000,  44.80000,
,,,0.001952900000,  44.80000,
,,,0.001953000000,  45.60000,
,,,0.001953100000,  45.60000,
,,,0.001953200000,  44.80000,
,,,0.001953300000,  45.60000,
,,,0.001953400000,  44.80000,
,,,0.001953500000,  44.00000,
,,,0.001953600000,  44.80000,
,,,0.001953700000,  44.80000,
,,,0.001953800000,  46.40000,
,,,0.001953900000,  44.80000,
,,,0.001954000000,  45.60000,
,,,0.001954100000,  44.80000,
,,,0.001954200000,  44.80000,
,,,0.001954300000,  45.60000,
,,,0.001954400000,  45.60000,
,,,0.001954500000,  45.60000,
,,,0.001954600000,  44.80000,
,,,0.001954700000,  44.80000,
,,,0.001954800000,  45.60000,
,,,0.001954900000,  44.00000,
,,,0.001955000000,  44.00000,
,,,0.001955100000,  44.80000,
,,,0.001955200000,  44.00000,
,,,0.001955300000,  44.80000,
,,,0.001955400000,  45.60000,
,,,0.001955500000,  44.80000,
,,,0.001955600000,  45.60000,
,,,0.001955700000,  44.80000,
,,,0.001955800000,  45.60000,
,,,0.001955900000,  45.60000,
,,,0.001956000000,  45.60000,
,,,0.001956100000,  44.00000,
,,,0.001956200000,  44.80000,
,,,0.001956300000,  46.40000,
,,,0.001956400000,  45.60000,
,,,0.001956500000,  45.60000,
,,,0.001956600000,  44.80000,
,,,0.001956700000,  44.80000,
,,,0.001956800000,  45.60000,
,,,0.001956900000,  44.80000,
,,,0.001957000000,  44.80000,
,,,0.001957100000,  44.80000,
,,,0.001957200000,  44.80000,
,,,0.001957300000,  44.80000,
,,,0.001957400000,  44.80000,
,,,0.001957500000,  44.80000,
,,,0.001957600000,  44.80000,
,,,0.001957700000,  44.00000,
,,,0.001957800000,  44.80000,
,,,0.001957900000,  44.80000,
,,,0.001958000000,  45.60000,
,,,0.001958100000,  45.60000,
,,,0.001958200000,  45.60000,
,,,0.001958300000,  44.80000,
,,,0.001958400000,  44.80000,
,,,0.001958500000,  44.80000,
,,,0.001958600000,  44.80000,
,,,0.001958700000,  45.60000,
,,,0.001958800000,  44.80000,
,,,0.001958900000,  45.60000,
,,,0.001959000000,  44.80000,
,,,0.001959100000,  44.00000,
,,,0.001959200000,  44.80000,
,,,0.001959300000,  44.00000,
,,,0.001959400000,  44.80000,
,,,0.001959500000,  45.60000,
,,,0.001959600000,  45.60000,
,,,0.001959700000,  45.60000,
,,,0.001959800000,  44.80000,
,,,0.001959900000,  44.80000,
,,,0.001960000000,  44.80000,
,,,0.001960100000,  44.80000,
,,,0.001960200000,  44.80000,
,,,0.001960300000,  44.80000,
,,,0.001960400000,  45.60000,
,,,0.001960500000,  45.60000,
,,,0.001960600000,  45.60000,
,,,0.001960700000,  44.80000,
,,,0.001960800000,  45.60000,
,,,0.001960900000,  44.80000,
,,,0.001961000000,  44.80000,
,,,0.001961100000,  44.80000,
,,,0.001961200000,  44.80000,
,,,0.001961300000,  46.40000,
,,,0.001961400000,  46.40000,
,,,0.001961500000,  44.80000,
,,,0.001961600000,  44.00000,
,,,0.001961700000,  44.80000,
,,,0.001961800000,  44.80000,
,,,0.001961900000,  45.60000,
,,,0.001962000000,  45.60000,
,,,0.001962100000,  44.80000,
,,,0.001962200000,  44.80000,
,,,0.001962300000,  44.80000,
,,,0.001962400000,  45.60000,
,,,0.001962500000,  44.80000,
,,,0.001962600000,  45.60000,
,,,0.001962700000,  45.60000,
,,,0.001962800000,  45.60000,
,,,0.001962900000,  46.40000,
,,,0.001963000000,  45.60000,
,,,0.001963100000,  45.60000,
,,,0.001963200000,  45.60000,
,,,0.001963300000,  44.80000,
,,,0.001963400000,  45.60000,
,,,0.001963500000,  44.00000,
,,,0.001963600000,  44.80000,
,,,0.001963700000,  45.60000,
,,,0.001963800000,  44.80000,
,,,0.001963900000,  44.80000,
,,,0.001964000000,  44.80000,
,,,0.001964100000,  44.00000,
,,,0.001964200000,  44.80000,
,,,0.001964300000,  45.60000,
,,,0.001964400000,  44.80000,
,,,0.001964500000,  45.60000,
,,,0.001964600000,  44.80000,
,,,0.001964700000,  46.40000,
,,,0.001964800000,  45.60000,
,,,0.001964900000,  44.00000,
,,,0.001965000000,  44.80000,
,,,0.001965100000,  44.80000,
,,,0.001965200000,  44.80000,
,,,0.001965300000,  44.80000,
,,,0.001965400000,  46.40000,
,,,0.001965500000,  45.60000,
,,,0.001965600000,  44.80000,
,,,0.001965700000,  44.80000,
,,,0.001965800000,  45.60000,
,,,0.001965900000,  45.60000,
,,,0.001966000000,  44.00000,
,,,0.001966100000,  44.00000,
,,,0.001966200000,  45.60000,
,,,0.001966300000,  46.40000,
,,,0.001966400000,  44.80000,
,,,0.001966500000,  44.80000,
,,,0.001966600000,  44.80000,
,,,0.001966700000,  44.00000,
,,,0.001966800000,  44.80000,
,,,0.001966900000,  45.60000,
,,,0.001967000000,  44.80000,
,,,0.001967100000,  45.60000,
,,,0.001967200000,  44.00000,
,,,0.001967300000,  45.60000,
,,,0.001967400000,  44.80000,
,,,0.001967500000,  45.60000,
,,,0.001967600000,  44.80000,
,,,0.001967700000,  45.60000,
,,,0.001967800000,  45.60000,
,,,0.001967900000,  44.80000,
,,,0.001968000000,  44.80000,
,,,0.001968100000,  44.80000,
,,,0.001968200000,  44.80000,
,,,0.001968300000,  44.80000,
,,,0.001968400000,  44.00000,
,,,0.001968500000,  44.80000,
,,,0.001968600000,  44.00000,
,,,0.001968700000,  44.80000,
,,,0.001968800000,  44.80000,
,,,0.001968900000,  45.60000,
,,,0.001969000000,  44.80000,
,,,0.001969100000,  45.60000,
,,,0.001969200000,  44.80000,
,,,0.001969300000,  45.60000,
,,,0.001969400000,  44.80000,
,,,0.001969500000,  45.60000,
,,,0.001969600000,  46.40000,
,,,0.001969700000,  46.40000,
,,,0.001969800000,  44.80000,
,,,0.001969900000,  44.80000,
,,,0.001970000000,  44.80000,
,,,0.001970100000,  44.80000,
,,,0.001970200000,  44.80000,
,,,0.001970300000,  45.60000,
,,,0.001970400000,  45.60000,
,,,0.001970500000,  45.60000,
,,,0.001970600000,  44.00000,
,,,0.001970700000,  44.80000,
,,,0.001970800000,  44.80000,
,,,0.001970900000,  44.00000,
,,,0.001971000000,  45.60000,
,,,0.001971100000,  44.80000,
,,,0.001971200000,  45.60000,
,,,0.001971300000,  45.60000,
,,,0.001971400000,  44.80000,
,,,0.001971500000,  44.00000,
,,,0.001971600000,  44.80000,
,,,0.001971700000,  44.80000,
,,,0.001971800000,  45.60000,
,,,0.001971900000,  45.60000,
,,,0.001972000000,  44.80000,
,,,0.001972100000,  44.80000,
,,,0.001972200000,  44.80000,
,,,0.001972300000,  45.60000,
,,,0.001972400000,  44.80000,
,,,0.001972500000,  44.80000,
,,,0.001972600000,  44.80000,
,,,0.001972700000,  44.00000,
,,,0.001972800000,  45.60000,
,,,0.001972900000,  44.80000,
,,,0.001973000000,  45.60000,
,,,0.001973100000,  45.60000,
,,,0.001973200000,  44.80000,
,,,0.001973300000,  44.80000,
,,,0.001973400000,  45.60000,
,,,0.001973500000,  44.80000,
,,,0.001973600000,  45.60000,
,,,0.001973700000,  45.60000,
,,,0.001973800000,  44.80000,
,,,0.001973900000,  44.00000,
,,,0.001974000000,  44.80000,
,,,0.001974100000,  44.80000,
,,,0.001974200000,  45.60000,
,,,0.001974300000,  44.80000,
,,,0.001974400000,  44.80000,
,,,0.001974500000,  44.80000,
,,,0.001974600000,  44.80000,
,,,0.001974700000,  44.80000,
,,,0.001974800000,  44.00000,
,,,0.001974900000,  44.80000,
,,,0.001975000000,  44.80000,
,,,0.001975100000,  44.80000,
,,,0.001975200000,  45.60000,
,,,0.001975300000,  45.60000,
,,,0.001975400000,  44.80000,
,,,0.001975500000,  44.80000,
,,,0.001975600000,  44.80000,
,,,0.001975700000,  45.60000,
,,,0.001975800000,  45.60000,
,,,0.001975900000,  44.00000,
,,,0.001976000000,  44.80000,
,,,0.001976100000,  45.60000,
,,,0.001976200000,  45.60000,
,,,0.001976300000,  44.80000,
,,,0.001976400000,  44.80000,
,,,0.001976500000,  44.80000,
,,,0.001976600000,  44.80000,
,,,0.001976700000,  44.80000,
,,,0.001976800000,  45.60000,
,,,0.001976900000,  44.80000,
,,,0.001977000000,  44.80000,
,,,0.001977100000,  45.60000,
,,,0.001977200000,  44.80000,
,,,0.001977300000,  44.80000,
,,,0.001977400000,  45.60000,
,,,0.001977500000,  44.80000,
,,,0.001977600000,  45.60000,
,,,0.001977700000,  44.80000,
,,,0.001977800000,  44.80000,
,,,0.001977900000,  45.60000,
,,,0.001978000000,  45.60000,
,,,0.001978100000,  44.00000,
,,,0.001978200000,  44.80000,
,,,0.001978300000,  44.80000,
,,,0.001978400000,  45.60000,
,,,0.001978500000,  44.80000,
,,,0.001978600000,  44.80000,
,,,0.001978700000,  45.60000,
,,,0.001978800000,  44.00000,
,,,0.001978900000,  44.80000,
,,,0.001979000000,  44.00000,
,,,0.001979100000,  44.00000,
,,,0.001979200000,  44.00000,
,,,0.001979300000,  43.20000,
,,,0.001979400000,  44.00000,
,,,0.001979500000,  42.40000,
,,,0.001979600000,  40.80000,
,,,0.001979700000,  40.00000,
,,,0.001979800000,  39.20000,
,,,0.001979900000,  38.40000,
,,,0.001980000000,  38.40000,
,,,0.001980100000,  36.80000,
,,,0.001980200000,  36.80000,
,,,0.001980300000,  35.20000,
,,,0.001980400000,  33.60000,
,,,0.001980500000,  32.80000,
,,,0.001980600000,  31.20000,
,,,0.001980700000,  31.20000,
,,,0.001980800000,  29.60000,
,,,0.001980900000,  28.80000,
,,,0.001981000000,  28.00000,
,,,0.001981100000,  27.20000,
,,,0.001981200000,  27.20000,
,,,0.001981300000,  24.80000,
,,,0.001981400000,  23.20000,
,,,0.001981500000,  22.40000,
,,,0.001981600000,  22.40000,
,,,0.001981700000,  20.80000,
,,,0.001981800000,  20.80000,
,,,0.001981900000,  19.20000,
,,,0.001982000000,  19.20000,
,,,0.001982100000,  17.60000,
,,,0.001982200000,  18.40000,
,,,0.001982300000,  16.80000,
,,,0.001982400000,  16.00000,
,,,0.001982500000,  16.00000,
,,,0.001982600000,  14.40000,
,,,0.001982700000,  15.20000,
,,,0.001982800000,  13.60000,
,,,0.001982900000,  12.80000,
,,,0.001983000000,  12.80000,
,,,0.001983100000,  12.00000,
,,,0.001983200000,  11.20000,
,,,0.001983300000,  10.40000,
,,,0.001983400000,   9.60000,
,,,0.001983500000,   9.60000,
,,,0.001983600000,  10.40000,
,,,0.001983700000,   8.80000,
,,,0.001983800000,   8.80000,
,,,0.001983900000,   8.00000,
,,,0.001984000000,   8.00000,
,,,0.001984100000,   7.20000,
,,,0.001984200000,   7.20000,
,,,0.001984300000,   6.40000,
,,,0.001984400000,   7.20000,
,,,0.001984500000,   7.20000,
,,,0.001984600000,   5.60000,
,,,0.001984700000,   5.60000,
,,,0.001984800000,   5.60000,
,,,0.001984900000,   5.60000,
,,,0.001985000000,   4.80000,
,,,0.001985100000,   4.80000,
,,,0.001985200000,   4.80000,
,,,0.001985300000,   4.80000,
,,,0.001985400000,   4.00000,
,,,0.001985500000,   4.00000,
,,,0.001985600000,   4.00000,
,,,0.001985700000,   4.00000,
,,,0.001985800000,   3.20000,
,,,0.001985900000,   4.00000,
,,,0.001986000000,   3.20000,
,,,0.001986100000,   3.20000,
,,,0.001986200000,   3.20000,
,,,0.001986300000,   2.40000,
,,,0.001986400000,   2.40000,
,,,0.001986500000,   2.40000,
,,,0.001986600000,   2.40000,
,,,0.001986700000,   3.20000,
,,,0.001986800000,   2.40000,
,,,0.001986900000,   1.60000,
,,,0.001987000000,   1.60000,
,,,0.001987100000,   2.40000,
,,,0.001987200000,   1.60000,
,,,0.001987300000,   1.60000,
,,,0.001987400000,   1.60000,
,,,0.001987500000,   1.60000,
,,,0.001987600000,   0.80000,
,,,0.001987700000,   2.40000,
,,,0.001987800000,   1.60000,
,,,0.001987900000,   0.80000,
,,,0.001988000000,   1.60000,
,,,0.001988100000,   1.60000,
,,,0.001988200000,   1.60000,
,,,0.001988300000,   1.60000,
,,,0.001988400000,   0.00000,
,,,0.001988500000,   1.60000,
,,,0.001988600000,   0.00000,
,,,0.001988700000,   0.80000,
,,,0.001988800000,   0.00000,
,,,0.001988900000,   0.80000,
,,,0.001989000000,   0.80000,
,,,0.001989100000,   0.80000,
,,,0.001989200000,   0.00000,
,,,0.001989300000,   0.80000,
,,,0.001989400000,   1.60000,
,,,0.001989500000,   0.00000,
,,,0.001989600000,   0.80000,
,,,0.001989700000,   0.80000,
,,,0.001989800000,   0.00000,
,,,0.001989900000,   0.00000,
,,,0.001990000000,   0.00000,
,,,0.001990100000,   0.80000,
,,,0.001990200000,  -0.80000,
,,,0.001990300000,   0.00000,
,,,0.001990400000,   0.80000,
,,,0.001990500000,   0.00000,
,,,0.001990600000,   0.80000,
,,,0.001990700000,   0.00000,
,,,0.001990800000,   0.00000,
,,,0.001990900000,   0.00000,
,,,0.001991000000,   0.00000,
,,,0.001991100000,   0.80000,
,,,0.001991200000,  -0.80000,
,,,0.001991300000,   0.80000,
,,,0.001991400000,   0.80000,
,,,0.001991500000,  -0.80000,
,,,0.001991600000,   0.80000,
,,,0.001991700000,   0.00000,
,,,0.001991800000,   0.00000,
,,,0.001991900000,   0.00000,
,,,0.001992000000,   0.00000,
,,,0.001992100000,   0.00000,
,,,0.001992200000,   0.00000,
,,,0.001992300000,   0.00000,
,,,0.001992400000,   0.00000,
,,,0.001992500000,   0.00000,
,,,0.001992600000,  -0.80000,
,,,0.001992700000,   0.00000,
,,,0.001992800000,   0.00000,
,,,0.001992900000,   0.00000,
,,,0.001993000000,  -0.80000,
,,,0.001993100000,  -0.80000,
,,,0.001993200000,   0.00000,
,,,0.001993300000,   0.80000,
,,,0.001993400000,   0.00000,
,,,0.001993500000,   0.80000,
,,,0.001993600000,  -0.80000,
,,,0.001993700000,  -1.60000,
,,,0.001993800000,  -0.80000,
,,,0.001993900000,  -0.80000,
,,,0.001994000000,  -0.80000,
,,,0.001994100000,   0.00000,
,,,0.001994200000,   0.80000,
,,,0.001994300000,   0.00000,
,,,0.001994400000,   0.80000,
,,,0.001994500000,   0.00000,
,,,0.001994600000,   0.00000,
,,,0.001994700000,   0.00000,
,,,0.001994800000,   0.00000,
,,,0.001994900000,   0.00000,
,,,0.001995000000,  -0.80000,
,,,0.001995100000,   0.00000,
,,,0.001995200000,   0.00000,
,,,0.001995300000,   0.00000,
,,,0.001995400000,   0.00000,
,,,0.001995500000,  -0.80000,
,,,0.001995600000,   0.00000,
,,,0.001995700000,   0.00000,
,,,0.001995800000,  -0.80000,
,,,0.001995900000,   0.00000,
,,,0.001996000000,   0.00000,
,,,0.001996100000,   0.80000,
,,,0.001996200000,   0.00000,
,,,0.001996300000,  -0.80000,
,,,0.001996400000,  -0.80000,
,,,0.001996500000,  -0.80000,
,,,0.001996600000,   0.00000,
,,,0.001996700000,   0.00000,
,,,0.001996800000,  -0.80000,
,,,0.001996900000,  -0.80000,
,,,0.001997000000,  -0.80000,
,,,0.001997100000,  -0.80000,
,,,0.001997200000,  -0.80000,
,,,0.001997300000,  -0.80000,
,,,0.001997400000,   0.00000,
,,,0.001997500000,  -0.80000,
,,,0.001997600000,   0.80000,
,,,0.001997700000,   0.00000,
,,,0.001997800000,   0.00000,
,,,0.001997900000,   0.00000,
,,,0.001998000000,   0.00000,
,,,0.001998100000,   0.00000,
,,,0.001998200000,   0.00000,
,,,0.001998300000,  -0.80000,
,,,0.001998400000,   0.00000,
,,,0.001998500000,  -0.80000,
,,,0.001998600000,   0.00000,
,,,0.001998700000,  -0.80000,
,,,0.001998800000,  -0.80000,
,,,0.001998900000,   0.00000,
,,,0.001999000000,  -0.80000,
,,,0.001999100000,   0.00000,
,,,0.001999200000,   0.80000,
,,,0.001999300000,   0.00000,
,,,0.001999400000,  -0.80000,
,,,0.001999500000,   0.00000,
,,,0.001999600000,   0.00000,
,,,0.001999700000,  -1.60000,
,,,0.001999800000,  -0.80000,
,,,0.001999900000,   0.00000,
,,,0.002000000000,   0.00000,
,,,0.002000100000,  -0.80000,
,,,0.002000200000,  -1.60000,
,,,0.002000300000,  -0.80000,
,,,0.002000400000,   0.00000,
,,,0.002000500000,  -0.80000,
,,,0.002000600000,  -0.80000,
,,,0.002000700000,   0.00000,
,,,0.002000800000,   0.00000,
,,,0.002000900000,   0.00000,
,,,0.002001000000,   0.00000,
,,,0.002001100000,  -0.80000,
,,,0.002001200000,  -0.80000,
,,,0.002001300000,   0.00000,
,,,0.002001400000,  -0.80000,
,,,0.002001500000,   0.00000,
,,,0.002001600000,  -0.80000,
,,,0.002001700000,   0.00000,
,,,0.002001800000,  -0.80000,
,,,0.002001900000,   0.00000,
,,,0.002002000000,  -0.80000,
,,,0.002002100000,   0.00000,
,,,0.002002200000,  -0.80000,
,,,0.002002300000,  -0.80000,
,,,0.002002400000,  -0.80000,
,,,0.002002500000,  -0.80000,
,,,0.002002600000,   0.00000,
,,,0.002002700000,  -0.80000,
,,,0.002002800000,  -0.80000,
,,,0.002002900000,   0.00000,
,,,0.002003000000,   0.00000,
,,,0.002003100000,   0.00000,
,,,0.002003200000,  -0.80000,
,,,0.002003300000,  -0.80000,
,,,0.002003400000,   0.00000,
,,,0.002003500000,   0.00000,
,,,0.002003600000,   0.00000,
,,,0.002003700000,   0.00000,
,,,0.002003800000,  -0.80000,
,,,0.002003900000,   0.00000,
,,,0.002004000000,   0.00000,
,,,0.002004100000,  -0.80000,
,,,0.002004200000,  -0.80000,
,,,0.002004300000,   0.00000,
,,,0.002004400000,   0.00000,
,,,0.002004500000,  -0.80000,
,,,0.002004600000,   0.80000,
,,,0.002004700000,  -1.60000,
,,,0.002004800000,  -0.80000,
,,,0.002004900000,  -0.80000,
,,,0.002005000000,   0.00000,
,,,0.002005100000,  -0.80000,
,,,0.002005200000,   0.00000,
,,,0.002005300000,   0.80000,
,,,0.002005400000,  -0.80000,
,,,0.002005500000,  -0.80000,
,,,0.002005600000,  -0.80000,
,,,0.002005700000,   0.00000,
,,,0.002005800000,   0.00000,
,,,0.002005900000,  -0.80000,
,,,0.002006000000,  -0.80000,
,,,0.002006100000,  -0.80000,
,,,0.002006200000,  -0.80000,
,,,0.002006300000,  -0.80000,
,,,0.002006400000,   0.00000,
,,,0.002006500000,  -0.80000,
,,,0.002006600000,   0.00000,
,,,0.002006700000,   0.80000,
,,,0.002006800000,  -0.80000,
,,,0.002006900000,  -1.60000,
,,,0.002007000000,  -0.80000,
,,,0.002007100000,  -0.80000,
,,,0.002007200000,   0.00000,
,,,0.002007300000,   0.00000,
,,,0.002007400000,   0.00000,
,,,0.002007500000,   0.80000,
,,,0.002007600000,   0.00000,
,,,0.002007700000,   0.00000,
,,,0.002007800000,  -0.80000,
,,,0.002007900000,  -0.80000,
,,,0.002008000000,   0.80000,
,,,0.002008100000,   0.00000,
,,,0.002008200000,   0.80000,
,,,0.002008300000,   0.00000,
,,,0.002008400000,   0.00000,
,,,0.002008500000,  -0.80000,
,,,0.002008600000,   0.00000,
,,,0.002008700000,  -0.80000,
,,,0.002008800000,   0.00000,
,,,0.002008900000,   0.00000,
,,,0.002009000000,   0.00000,
,,,0.002009100000,   0.00000,
,,,0.002009200000,   0.80000,
,,,0.002009300000,  -0.80000,
,,,0.002009400000,   0.00000,
,,,0.002009500000,  -0.80000,
,,,0.002009600000,  -0.80000,
,,,0.002009700000,  -0.80000,
,,,0.002009800000,  -0.80000,
,,,0.002009900000,   0.80000,
,,,0.002010000000,  -0.80000,
,,,0.002010100000,   0.00000,
,,,0.002010200000,  -0.80000,
,,,0.002010300000,   0.00000,
,,,0.002010400000,   0.00000,
,,,0.002010500000,  -0.80000,
,,,0.002010600000,  -0.80000,
,,,0.002010700000,   0.00000,
,,,0.002010800000,  -0.80000,
,,,0.002010900000,   0.00000,
,,,0.002011000000,  -0.80000,
,,,0.002011100000,  -1.60000,
,,,0.002011200000,  -0.80000,
,,,0.002011300000,  -0.80000,
,,,0.002011400000,  -0.80000,
,,,0.002011500000,   0.00000,
,,,0.002011600000,  -0.80000,
,,,0.002011700000,  -0.80000,
,,,0.002011800000,   0.00000,
,,,0.002011900000,   0.00000,
,,,0.002012000000,  -0.80000,
,,,0.002012100000,   0.00000,
,,,0.002012200000,   0.00000,
,,,0.002012300000,   0.00000,
,,,0.002012400000,   0.00000,
,,,0.002012500000,   0.00000,
,,,0.002012600000,   0.00000,
,,,0.002012700000,   0.00000,
,,,0.002012800000,  -0.80000,
,,,0.002012900000,  -1.60000,
,,,0.002013000000,  -0.80000,
,,,0.002013100000,   0.80000,
,,,0.002013200000,  -0.80000,
,,,0.002013300000,   0.00000,
,,,0.002013400000,   0.00000,
,,,0.002013500000,   0.00000,
,,,0.002013600000,  -0.80000,
,,,0.002013700000,   0.80000,
,,,0.002013800000,   0.00000,
,,,0.002013900000,   0.00000,
,,,0.002014000000,   0.00000,
,,,0.002014100000,  -0.80000,
,,,0.002014200000,   0.80000,
,,,0.002014300000,   0.00000,
,,,0.002014400000,   0.00000,
,,,0.002014500000,   0.00000,
,,,0.002014600000,  -0.80000,
,,,0.002014700000,  -1.60000,
,,,0.002014800000,   0.00000,
,,,0.002014900000,   0.80000,
,,,0.002015000000,  -0.80000,
,,,0.002015100000,   0.00000,
,,,0.002015200000,  -0.80000,
,,,0.002015300000,  -0.80000,
,,,0.002015400000,  -1.60000,
,,,0.002015500000,  -0.80000,
,,,0.002015600000,   0.00000,
,,,0.002015700000,   0.00000,
,,,0.002015800000,   0.00000,
,,,0.002015900000,  -0.80000,
,,,0.002016000000,   0.00000,
,,,0.002016100000,  -0.80000,
,,,0.002016200000,  -1.60000,
,,,0.002016300000,  -0.80000,
,,,0.002016400000,   0.00000,
,,,0.002016500000,  -0.80000,
,,,0.002016600000,   0.80000,
,,,0.002016700000,  -0.80000,
,,,0.002016800000,  -0.80000,
,,,0.002016900000,   0.00000,
,,,0.002017000000,   0.00000,
,,,0.002017100000,  -1.60000,
,,,0.002017200000,  -0.80000,
,,,0.002017300000,  -0.80000,
,,,0.002017400000,   0.80000,
,,,0.002017500000,   0.00000,
,,,0.002017600000,   0.00000,
,,,0.002017700000,  -0.80000,
,,,0.002017800000,  -0.80000,
,,,0.002017900000,  -0.80000,
,,,0.002018000000,   0.80000,
,,,0.002018100000,  -0.80000,
,,,0.002018200000,  -0.80000,
,,,0.002018300000,   0.00000,
,,,0.002018400000,  -0.80000,
,,,0.002018500000,  -0.80000,
,,,0.002018600000,   0.00000,
,,,0.002018700000,   0.00000,
,,,0.002018800000,  -0.80000,
,,,0.002018900000,   0.00000,
,,,0.002019000000,   0.00000,
,,,0.002019100000,   0.00000,
,,,0.002019200000,  -0.80000,
,,,0.002019300000,  -0.80000,
,,,0.002019400000,  -0.80000,
,,,0.002019500000,  -1.60000,
,,,0.002019600000,  -0.80000,
,,,0.002019700000,  -0.80000,
,,,0.002019800000,  -0.80000,
,,,0.002019900000,  -0.80000,
,,,0.002020000000,   0.00000,
,,,0.002020100000,   0.00000,
,,,0.002020200000,   0.80000,
,,,0.002020300000,   0.00000,
,,,0.002020400000,   0.00000,
,,,0.002020500000,  -0.80000,
,,,0.002020600000,  -0.80000,
,,,0.002020700000,   0.00000,
,,,0.002020800000,   0.80000,
,,,0.002020900000,   0.00000,
,,,0.002021000000,  -0.80000,
,,,0.002021100000,  -0.80000,
,,,0.002021200000,  -0.80000,
,,,0.002021300000,  -0.80000,
,,,0.002021400000,   0.00000,
,,,0.002021500000,  -1.60000,
,,,0.002021600000,  -1.60000,
,,,0.002021700000,   0.00000,
,,,0.002021800000,  -0.80000,
,,,0.002021900000,  -0.80000,
,,,0.002022000000,  -0.80000,
,,,0.002022100000,  -0.80000,
,,,0.002022200000,   0.00000,
,,,0.002022300000,   0.00000,
,,,0.002022400000,  -0.80000,
,,,0.002022500000,  -0.80000,
,,,0.002022600000,   0.00000,
,,,0.002022700000,  -1.60000,
,,,0.002022800000,  -0.80000,
,,,0.002022900000,   0.00000,
,,,0.002023000000,   0.00000,
,,,0.002023100000,  -0.80000,
,,,0.002023200000,   0.00000,
,,,0.002023300000,  -0.80000,
,,,0.002023400000,   0.00000,
,,,0.002023500000,  -0.80000,
,,,0.002023600000,  -0.80000,
,,,0.002023700000,   0.00000,
,,,0.002023800000,   0.00000,
,,,0.002023900000,   0.00000,
,,,0.002024000000,   0.00000,
,,,0.002024100000,   0.00000,
,,,0.002024200000,  -0.80000,
,,,0.002024300000,  -0.80000,
,,,0.002024400000,  -0.80000,
,,,0.002024500000,  -0.80000,
,,,0.002024600000,  -0.80000,
,,,0.002024700000,   0.00000,
,,,0.002024800000,  -0.80000,
,,,0.002024900000,  -0.80000,
,,,0.002025000000,   0.00000,
,,,0.002025100000,  -0.80000,
,,,0.002025200000,  -0.80000,
,,,0.002025300000,  -0.80000,
,,,0.002025400000,   0.00000,
,,,0.002025500000,   0.00000,
,,,0.002025600000,   0.00000,
,,,0.002025700000,   0.00000,
,,,0.002025800000,  -0.80000,
,,,0.002025900000,   0.80000,
,,,0.002026000000,   0.00000,
,,,0.002026100000,   0.00000,
,,,0.002026200000,  -0.80000,
,,,0.002026300000,  -0.80000,
,,,0.002026400000,   0.00000,
,,,0.002026500000,   0.00000,
,,,0.002026600000,  -0.80000,
,,,0.002026700000,  -0.80000,
,,,0.002026800000,   0.00000,
,,,0.002026900000,  -0.80000,
,,,0.002027000000,  -0.80000,
,,,0.002027100000,  -0.80000,
,,,0.002027200000,  -0.80000,
,,,0.002027300000,   0.00000,
,,,0.002027400000,   0.00000,
,,,0.002027500000,  -0.80000,
,,,0.002027600000,  -0.80000,
,,,0.002027700000,   0.00000,
,,,0.002027800000,  -0.80000,
,,,0.002027900000,  -0.80000,
,,,0.002028000000,   0.00000,
,,,0.002028100000,  -0.80000,
,,,0.002028200000,   0.00000,
,,,0.002028300000,  -0.80000,
,,,0.002028400000,   0.00000,
,,,0.002028500000,   0.00000,
,,,0.002028600000,  -0.80000,
,,,0.002028700000,   0.00000,
,,,0.002028800000,  -0.80000,
,,,0.002028900000,  -0.80000,
,,,0.002029000000,   0.00000,
,,,0.002029100000,  -0.80000,
,,,0.002029200000,   0.00000,
,,,0.002029300000,   0.00000,
,,,0.002029400000,  -1.60000,
,,,0.002029500000,   0.00000,
,,,0.002029600000,   0.00000,
,,,0.002029700000,   0.00000,
,,,0.002029800000,  -0.80000,
,,,0.002029900000,  -0.80000,
,,,0.002030000000,  -0.80000,
,,,0.002030100000,  -0.80000,
,,,0.002030200000,  -0.80000,
,,,0.002030300000,   0.00000,
,,,0.002030400000,  -0.80000,
,,,0.002030500000,   0.00000,
,,,0.002030600000,   0.00000,
,,,0.002030700000,   0.00000,
,,,0.002030800000,   0.00000,
,,,0.002030900000,  -0.80000,
,,,0.002031000000,   0.00000,
,,,0.002031100000,   0.00000,
,,,0.002031200000,   0.00000,
,,,0.002031300000,   0.00000,
,,,0.002031400000,  -0.80000,
,,,0.002031500000,   0.00000,
,,,0.002031600000,   0.00000,
,,,0.002031700000,  -0.80000,
,,,0.002031800000,  -0.80000,
,,,0.002031900000,  -0.80000,
,,,0.002032000000,  -1.60000,
,,,0.002032100000,  -0.80000,
,,,0.002032200000,   0.00000,
,,,0.002032300000,   0.00000,
,,,0.002032400000,  -0.80000,
,,,0.002032500000,  -0.80000,
,,,0.002032600000,  -0.80000,
,,,0.002032700000,  -0.80000,
,,,0.002032800000,  -0.80000,
,,,0.002032900000,   0.00000,
,,,0.002033000000,   0.00000,
,,,0.002033100000,  -0.80000,
,,,0.002033200000,   0.00000,
,,,0.002033300000,   0.00000,
,,,0.002033400000,   0.00000,
,,,0.002033500000,  -0.80000,
,,,0.002033600000,   0.00000,
,,,0.002033700000,  -1.60000,
,,,0.002033800000,  -1.60000,
,,,0.002033900000,   0.00000,
,,,0.002034000000,   0.00000,
,,,0.002034100000,   0.00000,
,,,0.002034200000,  -0.80000,
,,,0.002034300000,  -0.80000,
,,,0.002034400000,  -0.80000,
,,,0.002034500000,   0.00000,
,,,0.002034600000,   0.00000,
,,,0.002034700000,   0.00000,
,,,0.002034800000,  -0.80000,
,,,0.002034900000,   0.00000,
,,,0.002035000000,  -0.80000,
,,,0.002035100000,  -0.80000,
,,,0.002035200000,   0.00000,
,,,0.002035300000,  -0.80000,
,,,0.002035400000,  -0.80000,
,,,0.002035500000,   0.80000,
,,,0.002035600000,  -0.80000,
,,,0.002035700000,   0.00000,
,,,0.002035800000,   0.00000,
,,,0.002035900000,  -0.80000,
,,,0.002036000000,   0.00000,
,,,0.002036100000,   0.00000,
,,,0.002036200000,   0.00000,
,,,0.002036300000,   0.00000,
,,,0.002036400000,   0.00000,
,,,0.002036500000,  -0.80000,
,,,0.002036600000,  -0.80000,
,,,0.002036700000,  -0.80000,
,,,0.002036800000,   0.00000,
,,,0.002036900000,  -1.60000,
,,,0.002037000000,   0.00000,
,,,0.002037100000,   0.00000,
,,,0.002037200000,   0.00000,
,,,0.002037300000,   0.80000,
,,,0.002037400000,   0.00000,
,,,0.002037500000,  -0.80000,
,,,0.002037600000,  -0.80000,
,,,0.002037700000,   0.00000,
,,,0.002037800000,  -0.80000,
,,,0.002037900000,   0.00000,
,,,0.002038000000,  -0.80000,
,,,0.002038100000,   0.00000,
,,,0.002038200000,  -0.80000,
,,,0.002038300000,   0.00000,
,,,0.002038400000,   0.00000,
,,,0.002038500000,   0.00000,
,,,0.002038600000,  -0.80000,
,,,0.002038700000,  -0.80000,
,,,0.002038800000,  -0.80000,
,,,0.002038900000,   0.00000,
,,,0.002039000000,   0.00000,
,,,0.002039100000,   0.00000,
,,,0.002039200000,   0.00000,
,,,0.002039300000,  -0.80000,
,,,0.002039400000,  -1.60000,
,,,0.002039500000,  -0.80000,
,,,0.002039600000,  -1.60000,
,,,0.002039700000,  -2.40000,
,,,0.002039800000,  -1.60000,
,,,0.002039900000,  -3.20000,
,,,0.002040000000,  -2.40000,
,,,0.002040100000,  -2.40000,
,,,0.002040200000,  -3.20000,
,,,0.002040300000,  -2.40000,
,,,0.002040400000,  -2.40000,
,,,0.002040500000,  -2.40000,
,,,0.002040600000,  -2.40000,
,,,0.002040700000,  -2.40000,
,,,0.002040800000,  -3.20000,
,,,0.002040900000,  -2.40000,
,,,0.002041000000,  -4.00000,
,,,0.002041100000,  -3.20000,
,,,0.002041200000,  -2.40000,
,,,0.002041300000,  -2.40000,
,,,0.002041400000,  -3.20000,
,,,0.002041500000,  -2.40000,
,,,0.002041600000,  -3.20000,
,,,0.002041700000,  -2.40000,
,,,0.002041800000,  -3.20000,
,,,0.002041900000,  -3.20000,
,,,0.002042000000,  -2.40000,
,,,0.002042100000,  -1.60000,
,,,0.002042200000,  -1.60000,
,,,0.002042300000,  -2.40000,
,,,0.002042400000,  -2.40000,
,,,0.002042500000,  -2.40000,
,,,0.002042600000,  -2.40000,
,,,0.002042700000,  -2.40000,
,,,0.002042800000,  -1.60000,
,,,0.002042900000,  -2.40000,
,,,0.002043000000,  -2.40000,
,,,0.002043100000,  -1.60000,
,,,0.002043200000,  -1.60000,
,,,0.002043300000,  -1.60000,
,,,0.002043400000,  -1.60000,
,,,0.002043500000,  -3.20000,
,,,0.002043600000,  -0.80000,
,,,0.002043700000,  -2.40000,
,,,0.002043800000,  -0.80000,
,,,0.002043900000,  -0.80000,
,,,0.002044000000,  -1.60000,
,,,0.002044100000,  -0.80000,
,,,0.002044200000,  -1.60000,
,,,0.002044300000,  -0.80000,
,,,0.002044400000,  -1.60000,
,,,0.002044500000,  -0.80000,
,,,0.002044600000,  -0.80000,
,,,0.002044700000,  -0.80000,
,,,0.002044800000,  -0.80000,
,,,0.002044900000,  -0.80000,
,,,0.002045000000,  -1.60000,
,,,0.002045100000,  -0.80000,
,,,0.002045200000,  -0.80000,
,,,0.002045300000,  -0.80000,
,,,0.002045400000,  -0.80000,
,,,0.002045500000,  -0.80000,
,,,0.002045600000,  -0.80000,
,,,0.002045700000,   0.00000,
,,,0.002045800000,  -0.80000,
,,,0.002045900000,  -0.80000,
,,,0.002046000000,  -1.60000,
,,,0.002046100000,  -0.80000,
,,,0.002046200000,  -0.80000,
,,,0.002046300000,  -0.80000,
,,,0.002046400000,  -0.80000,
,,,0.002046500000,  -1.60000,
,,,0.002046600000,  -1.60000,
,,,0.002046700000,  -2.40000,
,,,0.002046800000,  -3.20000,
,,,0.002046900000,  -1.60000,
,,,0.002047000000,  -1.60000,
,,,0.002047100000,  -2.40000,
,,,0.002047200000,  -1.60000,
,,,0.002047300000,  -1.60000,
,,,0.002047400000,  -2.40000,
,,,0.002047500000,  -2.40000,
,,,0.002047600000,  -2.40000,
,,,0.002047700000,  -1.60000,
,,,0.002047800000,  -0.80000,
,,,0.002047900000,  -0.80000,
,,,0.002048000000,  -1.60000,
,,,0.002048100000,  -1.60000,
,,,0.002048200000,  -2.40000,
,,,0.002048300000,  -2.40000,
,,,0.002048400000,  -1.60000,
,,,0.002048500000,  -0.80000,
,,,0.002048600000,  -2.40000,
,,,0.002048700000,  -1.60000,
,,,0.002048800000,  -1.60000,
,,,0.002048900000,  -1.60000,
,,,0.002049000000,  -1.60000,
,,,0.002049100000,  -2.40000,
,,,0.002049200000,  -2.40000,
,,,0.002049300000,  -2.40000,
,,,0.002049400000,  -1.60000,
,,,0.002049500000,  -1.60000,
,,,0.002049600000,  -2.40000,
,,,0.002049700000,  -1.60000,
,,,0.002049800000,  -1.60000,
,,,0.002049900000,  -2.40000,
,,,0.002050000000,  -2.40000,
,,,0.002050100000,  -1.60000,
,,,0.002050200000,  -1.60000,
,,,0.002050300000,  -1.60000,
,,,0.002050400000,  -1.60000,
,,,0.002050500000,  -0.80000,
,,,0.002050600000,  -2.40000,
,,,0.002050700000,  -2.40000,
,,,0.002050800000,  -1.60000,
,,,0.002050900000,  -2.40000,
,,,0.002051000000,  -2.40000,
,,,0.002051100000,  -1.60000,
,,,0.002051200000,  -2.40000,
,,,0.002051300000,  -2.40000,
,,,0.002051400000,  -1.60000,
,,,0.002051500000,  -0.80000,
,,,0.002051600000,  -1.60000,
,,,0.002051700000,  -2.40000,
,,,0.002051800000,  -3.20000,
,,,0.002051900000,  -2.40000,
,,,0.002052000000,  -0.80000,
,,,0.002052100000,  -1.60000,
,,,0.002052200000,  -1.60000,
,,,0.002052300000,  -0.80000,
,,,0.002052400000,  -2.40000,
,,,0.002052500000,  -1.60000,
,,,0.002052600000,  -3.20000,
,,,0.002052700000,  -1.60000,
,,,0.002052800000,  -2.40000,
,,,0.002052900000,  -2.40000,
,,,0.002053000000,  -2.40000,
,,,0.002053100000,  -1.60000,
,,,0.002053200000,  -2.40000,
,,,0.002053300000,  -2.40000,
,,,0.002053400000,  -1.60000,
,,,0.002053500000,  -1.60000,
,,,0.002053600000,  -2.40000,
,,,0.002053700000,  -1.60000,
,,,0.002053800000,  -1.60000,
,,,0.002053900000,  -1.60000,
,,,0.002054000000,  -1.60000,
,,,0.002054100000,  -2.40000,
,,,0.002054200000,  -2.40000,
,,,0.002054300000,  -2.40000,
,,,0.002054400000,  -1.60000,
,,,0.002054500000,  -1.60000,
,,,0.002054600000,  -3.20000,
,,,0.002054700000,  -1.60000,
,,,0.002054800000,  -1.60000,
,,,0.002054900000,  -2.40000,
,,,0.002055000000,  -0.80000,
,,,0.002055100000,  -2.40000,
,,,0.002055200000,  -0.80000,
,,,0.002055300000,  -0.80000,
,,,0.002055400000,  -1.60000,
,,,0.002055500000,  -1.60000,
,,,0.002055600000,  -1.60000,
,,,0.002055700000,  -1.60000,
,,,0.002055800000,  -2.40000,
,,,0.002055900000,  -1.60000,
,,,0.002056000000,  -2.40000,
,,,0.002056100000,  -2.40000,
,,,0.002056200000,  -1.60000,
,,,0.002056300000,  -2.40000,
,,,0.002056400000,  -1.60000,
,,,0.002056500000,  -2.40000,
,,,0.002056600000,  -2.40000,
,,,0.002056700000,  -3.20000,
,,,0.002056800000,  -1.60000,
,,,0.002056900000,  -2.40000,
,,,0.002057000000,  -0.80000,
,,,0.002057100000,  -1.60000,
,,,0.002057200000,  -1.60000,
,,,0.002057300000,  -2.40000,
,,,0.002057400000,  -2.40000,
,,,0.002057500000,  -1.60000,
,,,0.002057600000,  -1.60000,
,,,0.002057700000,  -1.60000,
,,,0.002057800000,  -1.60000,
,,,0.002057900000,  -1.60000,
,,,0.002058000000,  -1.60000,
,,,0.002058100000,  -1.60000,
,,,0.002058200000,  -1.60000,
,,,0.002058300000,  -1.60000,
,,,0.002058400000,  -1.60000,
,,,0.002058500000,  -1.60000,
,,,0.002058600000,  -1.60000,
,,,0.002058700000,  -0.80000,
,,,0.002058800000,  -1.60000,
,,,0.002058900000,  -1.60000,
,,,0.002059000000,  -2.40000,
,,,0.002059100000,  -3.20000,
,,,0.002059200000,  -1.60000,
,,,0.002059300000,  -2.40000,
,,,0.002059400000,  -1.60000,
,,,0.002059500000,  -2.40000,
,,,0.002059600000,  -2.40000,
,,,0.002059700000,  -1.60000,
,,,0.002059800000,  -1.60000,
,,,0.002059900000,  -2.40000,
,,,0.002060000000,  -1.60000,
,,,0.002060100000,  -1.60000,
,,,0.002060200000,  -1.60000,
,,,0.002060300000,  -2.40000,
,,,0.002060400000,  -0.80000,
,,,0.002060500000,  -1.60000,
,,,0.002060600000,  -2.40000,
,,,0.002060700000,  -2.40000,
,,,0.002060800000,  -3.20000,
,,,0.002060900000,  -2.40000,
,,,0.002061000000,  -1.60000,
,,,0.002061100000,  -1.60000,
,,,0.002061200000,  -2.40000,
,,,0.002061300000,  -1.60000,
,,,0.002061400000,  -1.60000,
,,,0.002061500000,  -2.40000,
,,,0.002061600000,  -1.60000,
,,,0.002061700000,  -1.60000,
,,,0.002061800000,  -1.60000,
,,,0.002061900000,  -1.60000,
,,,0.002062000000,  -0.80000,
,,,0.002062100000,  -2.40000,
,,,0.002062200000,  -1.60000,
,,,0.002062300000,  -2.40000,
,,,0.002062400000,  -2.40000,
,,,0.002062500000,  -3.20000,
,,,0.002062600000,  -1.60000,
,,,0.002062700000,  -2.40000,
,,,0.002062800000,  -1.60000,
,,,0.002062900000,  -2.40000,
,,,0.002063000000,  -2.40000,
,,,0.002063100000,  -1.60000,
,,,0.002063200000,  -1.60000,
,,,0.002063300000,  -2.40000,
,,,0.002063400000,  -2.40000,
,,,0.002063500000,  -2.40000,
,,,0.002063600000,  -1.60000,
,,,0.002063700000,  -2.40000,
,,,0.002063800000,  -1.60000,
,,,0.002063900000,  -2.40000,
,,,0.002064000000,  -1.60000,
,,,0.002064100000,  -2.40000,
,,,0.002064200000,  -1.60000,
,,,0.002064300000,  -1.60000,
,,,0.002064400000,  -2.40000,
,,,0.002064500000,  -2.40000,
,,,0.002064600000,  -1.60000,
,,,0.002064700000,  -0.80000,
,,,0.002064800000,  -2.40000,
,,,0.002064900000,  -2.40000,
,,,0.002065000000,  -1.60000,
,,,0.002065100000,  -1.60000,
,,,0.002065200000,  -1.60000,
,,,0.002065300000,  -2.40000,
,,,0.002065400000,  -1.60000,
,,,0.002065500000,  -1.60000,
,,,0.002065600000,  -2.40000,
,,,0.002065700000,  -2.40000,
,,,0.002065800000,  -2.40000,
,,,0.002065900000,  -1.60000,
,,,0.002066000000,  -1.60000,
,,,0.002066100000,  -1.60000,
,,,0.002066200000,  -2.40000,
,,,0.002066300000,  -3.20000,
,,,0.002066400000,  -3.20000,
,,,0.002066500000,  -2.40000,
,,,0.002066600000,  -1.60000,
,,,0.002066700000,  -3.20000,
,,,0.002066800000,  -2.40000,
,,,0.002066900000,  -0.80000,
,,,0.002067000000,  -1.60000,
,,,0.002067100000,  -2.40000,
,,,0.002067200000,  -1.60000,
,,,0.002067300000,  -1.60000,
,,,0.002067400000,  -1.60000,
,,,0.002067500000,  -0.80000,
,,,0.002067600000,  -1.60000,
,,,0.002067700000,  -2.40000,
,,,0.002067800000,  -1.60000,
,,,0.002067900000,  -2.40000,
,,,0.002068000000,  -1.60000,
,,,0.002068100000,  -0.80000,
,,,0.002068200000,  -1.60000,
,,,0.002068300000,  -1.60000,
,,,0.002068400000,  -1.60000,
,,,0.002068500000,  -1.60000,
,,,0.002068600000,  -0.80000,
,,,0.002068700000,  -2.40000,
,,,0.002068800000,  -1.60000,
,,,0.002068900000,  -1.60000,
,,,0.002069000000,  -2.40000,
,,,0.002069100000,  -2.40000,
,,,0.002069200000,  -2.40000,
,,,0.002069300000,  -2.40000,
,,,0.002069400000,  -1.60000,
,,,0.002069500000,  -1.60000,
,,,0.002069600000,  -2.40000,
,,,0.002069700000,  -2.40000,
,,,0.002069800000,  -1.60000,
,,,0.002069900000,  -1.60000,
,,,0.002070000000,  -1.60000,
,,,0.002070100000,  -0.80000,
,,,0.002070200000,  -1.60000,
,,,0.002070300000,  -1.60000,
,,,0.002070400000,  -1.60000,
,,,0.002070500000,  -1.60000,
,,,0.002070600000,  -2.40000,
,,,0.002070700000,  -1.60000,
,,,0.002070800000,  -1.60000,
,,,0.002070900000,  -1.60000,
,,,0.002071000000,  -2.40000,
,,,0.002071100000,  -2.40000,
,,,0.002071200000,  -1.60000,
,,,0.002071300000,  -1.60000,
,,,0.002071400000,  -2.40000,
,,,0.002071500000,  -2.40000,
,,,0.002071600000,  -1.60000,
,,,0.002071700000,  -1.60000,
,,,0.002071800000,  -1.60000,
,,,0.002071900000,  -0.80000,
,,,0.002072000000,  -2.40000,
,,,0.002072100000,  -1.60000,
,,,0.002072200000,  -2.40000,
,,,0.002072300000,  -2.40000,
,,,0.002072400000,  -1.60000,
,,,0.002072500000,  -1.60000,
,,,0.002072600000,  -3.20000,
,,,0.002072700000,  -2.40000,
,,,0.002072800000,  -2.40000,
,,,0.002072900000,  -1.60000,
,,,0.002073000000,  -2.40000,
,,,0.002073100000,  -2.40000,
,,,0.002073200000,  -1.60000,
,,,0.002073300000,  -1.60000,
,,,0.002073400000,  -2.40000,
,,,0.002073500000,  -1.60000,
,,,0.002073600000,  -1.60000,
,,,0.002073700000,  -0.80000,
,,,0.002073800000,  -1.60000,
,,,0.002073900000,  -1.60000,
,,,0.002074000000,  -1.60000,
,,,0.002074100000,  -1.60000,
,,,0.002074200000,  -1.60000,
,,,0.002074300000,  -1.60000,
,,,0.002074400000,  -2.40000,
,,,0.002074500000,  -2.40000,
,,,0.002074600000,  -3.20000,
,,,0.002074700000,  -2.40000,
,,,0.002074800000,  -1.60000,
,,,0.002074900000,  -1.60000,
,,,0.002075000000,  -0.80000,
,,,0.002075100000,  -0.80000,
,,,0.002075200000,  -1.60000,
,,,0.002075300000,  -2.40000,
,,,0.002075400000,  -1.60000,
,,,0.002075500000,  -2.40000,
,,,0.002075600000,  -2.40000,
,,,0.002075700000,  -1.60000,
,,,0.002075800000,  -1.60000,
,,,0.002075900000,  -1.60000,
,,,0.002076000000,  -2.40000,
,,,0.002076100000,  -1.60000,
,,,0.002076200000,  -2.40000,
,,,0.002076300000,  -2.40000,
,,,0.002076400000,  -2.40000,
,,,0.002076500000,  -1.60000,
,,,0.002076600000,  -1.60000,
,,,0.002076700000,  -2.40000,
,,,0.002076800000,  -1.60000,
,,,0.002076900000,  -2.40000,
,,,0.002077000000,  -1.60000,
,,,0.002077100000,  -2.40000,
,,,0.002077200000,  -1.60000,
,,,0.002077300000,  -2.40000,
,,,0.002077400000,  -2.40000,
,,,0.002077500000,  -1.60000,
,,,0.002077600000,  -2.40000,
,,,0.002077700000,  -2.40000,
,,,0.002077800000,  -1.60000,
,,,0.002077900000,  -2.40000,
,,,0.002078000000,  -1.60000,
,,,0.002078100000,  -1.60000,
,,,0.002078200000,  -1.60000,
,,,0.002078300000,  -1.60000,
,,,0.002078400000,  -1.60000,
,,,0.002078500000,  -0.80000,
,,,0.002078600000,  -1.60000,
,,,0.002078700000,  -1.60000,
,,,0.002078800000,  -1.60000,
,,,0.002078900000,  -2.40000,
,,,0.002079000000,  -1.60000,
,,,0.002079100000,  -2.40000,
,,,0.002079200000,  -1.60000,
,,,0.002079300000,  -1.60000,
,,,0.002079400000,  -2.40000,
,,,0.002079500000,  -0.80000,
,,,0.002079600000,  -2.40000,
,,,0.002079700000,  -1.60000,
,,,0.002079800000,  -2.40000,
,,,0.002079900000,  -1.60000,
,,,0.002080000000,  -1.60000,
,,,0.002080100000,  -2.40000,
,,,0.002080200000,  -1.60000,
,,,0.002080300000,  -1.60000,
,,,0.002080400000,  -2.40000,
,,,0.002080500000,  -1.60000,
,,,0.002080600000,  -2.40000,
,,,0.002080700000,  -2.40000,
,,,0.002080800000,  -1.60000,
,,,0.002080900000,  -2.40000,
,,,0.002081000000,  -2.40000,
,,,0.002081100000,  -2.40000,
,,,0.002081200000,  -0.80000,
,,,0.002081300000,  -1.60000,
,,,0.002081400000,  -1.60000,
,,,0.002081500000,  -1.60000,
,,,0.002081600000,  -2.40000,
,,,0.002081700000,  -1.60000,
,,,0.002081800000,  -1.60000,
,,,0.002081900000,  -2.40000,
,,,0.002082000000,  -1.60000,
,,,0.002082100000,  -2.40000,
,,,0.002082200000,  -2.40000,
,,,0.002082300000,  -2.40000,
,,,0.002082400000,  -2.40000,
,,,0.002082500000,  -1.60000,
,,,0.002082600000,  -1.60000,
,,,0.002082700000,  -1.60000,
,,,0.002082800000,  -1.60000,
,,,0.002082900000,  -3.20000,
,,,0.002083000000,  -1.60000,
,,,0.002083100000,  -2.40000,
,,,0.002083200000,  -1.60000,
,,,0.002083300000,  -2.40000,
,,,0.002083400000,  -1.60000,
,,,0.002083500000,  -1.60000,
,,,0.002083600000,  -1.60000,
,,,0.002083700000,  -1.60000,
,,,0.002083800000,  -1.60000,
,,,0.002083900000,  -2.40000,
,,,0.002084000000,  -2.40000,
,,,0.002084100000,  -2.40000,
,,,0.002084200000,  -2.40000,
,,,0.002084300000,  -1.60000,
,,,0.002084400000,  -2.40000,
,,,0.002084500000,  -1.60000,
,,,0.002084600000,  -2.40000,
,,,0.002084700000,  -1.60000,
,,,0.002084800000,  -1.60000,
,,,0.002084900000,  -1.60000,
,,,0.002085000000,  -1.60000,
,,,0.002085100000,  -1.60000,
,,,0.002085200000,  -2.40000,
,,,0.002085300000,  -0.80000,
,,,0.002085400000,  -1.60000,
,,,0.002085500000,  -1.60000,
,,,0.002085600000,  -2.40000,
,,,0.002085700000,  -2.40000,
,,,0.002085800000,  -2.40000,
,,,0.002085900000,  -1.60000,
,,,0.002086000000,  -2.40000,
,,,0.002086100000,  -2.40000,
,,,0.002086200000,  -2.40000,
,,,0.002086300000,  -2.40000,
,,,0.002086400000,  -0.80000,
,,,0.002086500000,  -1.60000,
,,,0.002086600000,  -2.40000,
,,,0.002086700000,  -1.60000,
,,,0.002086800000,  -1.60000,
,,,0.002086900000,  -2.40000,
,,,0.002087000000,  -1.60000,
,,,0.002087100000,  -2.40000,
,,,0.002087200000,  -1.60000,
,,,0.002087300000,  -1.60000,
,,,0.002087400000,  -2.40000,
,,,0.002087500000,  -2.40000,
,,,0.002087600000,  -1.60000,
,,,0.002087700000,  -1.60000,
,,,0.002087800000,  -1.60000,
,,,0.002087900000,  -0.80000,
,,,0.002088000000,  -1.60000,
,,,0.002088100000,  -2.40000,
,,,0.002088200000,  -0.80000,
,,,0.002088300000,  -2.40000,
,,,0.002088400000,  -0.80000,
,,,0.002088500000,  -1.60000,
,,,0.002088600000,  -1.60000,
,,,0.002088700000,  -2.40000,
,,,0.002088800000,  -1.60000,
,,,0.002088900000,  -1.60000,
,,,0.002089000000,  -2.40000,
,,,0.002089100000,  -1.60000,
,,,0.002089200000,  -2.40000,
,,,0.002089300000,  -2.40000,
,,,0.002089400000,  -1.60000,
,,,0.002089500000,  -2.40000,
,,,0.002089600000,  -2.40000,
,,,0.002089700000,  -1.60000,
,,,0.002089800000,  -1.60000,
,,,0.002089900000,  -1.60000,
,,,0.002090000000,  -2.40000,
,,,0.002090100000,  -0.80000,
,,,0.002090200000,  -2.40000,
,,,0.002090300000,  -2.40000,
,,,0.002090400000,  -0.80000,
,,,0.002090500000,  -2.40000,
,,,0.002090600000,  -2.40000,
,,,0.002090700000,  -0.80000,
,,,0.002090800000,  -1.60000,
,,,0.002090900000,  -2.40000,
,,,0.002091000000,  -1.60000,
,,,0.002091100000,  -2.40000,
,,,0.002091200000,  -1.60000,
,,,0.002091300000,  -2.40000,
,,,0.002091400000,  -1.60000,
,,,0.002091500000,  -1.60000,
,,,0.002091600000,  -1.60000,
,,,0.002091700000,  -1.60000,
,,,0.002091800000,  -2.40000,
,,,0.002091900000,  -0.80000,
,,,0.002092000000,  -3.20000,
,,,0.002092100000,  -2.40000,
,,,0.002092200000,  -2.40000,
,,,0.002092300000,  -1.60000,
,,,0.002092400000,  -2.40000,
,,,0.002092500000,  -1.60000,
,,,0.002092600000,  -1.60000,
,,,0.002092700000,  -1.60000,
,,,0.002092800000,  -2.40000,
,,,0.002092900000,  -1.60000,
,,,0.002093000000,  -1.60000,
,,,0.002093100000,  -2.40000,
,,,0.002093200000,  -2.40000,
,,,0.002093300000,  -1.60000,
,,,0.002093400000,  -1.60000,
,,,0.002093500000,  -1.60000,
,,,0.002093600000,  -1.60000,
,,,0.002093700000,  -1.60000,
,,,0.002093800000,  -2.40000,
,,,0.002093900000,  -2.40000,
,,,0.002094000000,  -2.40000,
,,,0.002094100000,  -1.60000,
,,,0.002094200000,  -2.40000,
,,,0.002094300000,  -1.60000,
,,,0.002094400000,  -0.80000,
,,,0.002094500000,  -1.60000,
,,,0.002094600000,  -1.60000,
,,,0.002094700000,  -2.40000,
,,,0.002094800000,  -1.60000,
,,,0.002094900000,  -1.60000,
,,,0.002095000000,  -1.60000,
,,,0.002095100000,  -1.60000,
,,,0.002095200000,  -0.80000,
,,,0.002095300000,  -2.40000,
,,,0.002095400000,  -2.40000,
,,,0.002095500000,  -2.40000,
,,,0.002095600000,  -0.80000,
,,,0.002095700000,  -1.60000,
,,,0.002095800000,  -2.40000,
,,,0.002095900000,  -2.40000,
,,,0.002096000000,  -2.40000,
,,,0.002096100000,  -2.40000,
,,,0.002096200000,  -2.40000,
,,,0.002096300000,  -3.20000,
,,,0.002096400000,  -2.40000,
,,,0.002096500000,  -0.80000,
,,,0.002096600000,  -1.60000,
,,,0.002096700000,  -1.60000,
,,,0.002096800000,  -1.60000,
,,,0.002096900000,  -2.40000,
,,,0.002097000000,  -2.40000,
,,,0.002097100000,  -2.40000,
,,,0.002097200000,  -1.60000,
,,,0.002097300000,  -1.60000,
,,,0.002097400000,  -1.60000,
,,,0.002097500000,  -1.60000,
,,,0.002097600000,  -2.40000,
,,,0.002097700000,  -2.40000,
,,,0.002097800000,  -2.40000,
,,,0.002097900000,  -1.60000,
,,,0.002098000000,  -2.40000,
,,,0.002098100000,  -2.40000,
,,,0.002098200000,  -1.60000,
,,,0.002098300000,  -0.80000,
,,,0.002098400000,  -1.60000,
,,,0.002098500000,  -1.60000,
,,,0.002098600000,  -2.40000,
,,,0.002098700000,  -2.40000,
,,,0.002098800000,  -1.60000,
,,,0.002098900000,  -2.40000,
,,,0.002099000000,  -2.40000,
,,,0.002099100000,  -1.60000,
,,,0.002099200000,  -1.60000,
,,,0.002099300000,  -1.60000,
,,,0.002099400000,  -2.40000,
,,,0.002099500000,  -1.60000,
,,,0.002099600000,  -1.60000,
,,,0.002099700000,  -1.60000,
,,,0.002099800000,  -1.60000,
,,,0.002099900000,  -2.40000,
,,,0.002100000000,  -2.40000,
,,,0.002100100000,  -1.60000,
,,,0.002100200000,  -2.40000,
,,,0.002100300000,  -1.60000,
,,,0.002100400000,  -2.40000,
,,,0.002100500000,  -2.40000,
,,,0.002100600000,  -1.60000,
,,,0.002100700000,  -2.40000,
,,,0.002100800000,  -1.60000,
,,,0.002100900000,  -1.60000,
,,,0.002101000000,  -3.20000,
,,,0.002101100000,  -1.60000,
,,,0.002101200000,  -1.60000,
,,,0.002101300000,  -1.60000,
,,,0.002101400000,  -2.40000,
,,,0.002101500000,  -2.40000,
,,,0.002101600000,  -1.60000,
,,,0.002101700000,  -1.60000,
,,,0.002101800000,  -0.80000,
,,,0.002101900000,  -2.40000,
,,,0.002102000000,  -1.60000,
,,,0.002102100000,  -1.60000,
,,,0.002102200000,  -1.60000,
,,,0.002102300000,  -2.40000,
,,,0.002102400000,  -2.40000,
,,,0.002102500000,  -2.40000,
,,,0.002102600000,  -1.60000,
,,,0.002102700000,  -2.40000,
,,,0.002102800000,  -1.60000,
,,,0.002102900000,  -2.40000,
,,,0.002103000000,  -2.40000,
,,,0.002103100000,  -2.40000,
,,,0.002103200000,  -1.60000,
,,,0.002103300000,  -1.60000,
,,,0.002103400000,  -1.60000,
,,,0.002103500000,  -1.60000,
,,,0.002103600000,  -2.40000,
,,,0.002103700000,  -2.40000,
,,,0.002103800000,  -2.40000,
,,,0.002103900000,  -1.60000,
,,,0.002104000000,  -1.60000,
,,,0.002104100000,  -2.40000,
,,,0.002104200000,  -1.60000,
,,,0.002104300000,  -0.80000,
,,,0.002104400000,  -2.40000,
,,,0.002104500000,  -2.40000,
,,,0.002104600000,  -0.80000,
,,,0.002104700000,  -1.60000,
,,,0.002104800000,  -0.80000,
,,,0.002104900000,  -1.60000,
,,,0.002105000000,  -1.60000,
,,,0.002105100000,  -2.40000,
,,,0.002105200000,  -2.40000,
,,,0.002105300000,  -1.60000,
,,,0.002105400000,  -0.80000,
,,,0.002105500000,  -2.40000,
,,,0.002105600000,  -1.60000,
,,,0.002105700000,  -2.40000,
,,,0.002105800000,  -2.40000,
,,,0.002105900000,  -3.20000,
,,,0.002106000000,  -1.60000,
,,,0.002106100000,  -2.40000,
,,,0.002106200000,  -1.60000,
,,,0.002106300000,  -1.60000,
,,,0.002106400000,  -2.40000,
,,,0.002106500000,  -1.60000,
,,,0.002106600000,  -1.60000,
,,,0.002106700000,  -2.40000,
,,,0.002106800000,  -2.40000,
,,,0.002106900000,  -1.60000,
,,,0.002107000000,  -1.60000,
,,,0.002107100000,  -1.60000,
,,,0.002107200000,  -1.60000,
,,,0.002107300000,  -1.60000,
,,,0.002107400000,  -2.40000,
,,,0.002107500000,  -1.60000,
,,,0.002107600000,  -1.60000,
,,,0.002107700000,  -2.40000,
,,,0.002107800000,  -1.60000,
,,,0.002107900000,  -1.60000,
,,,0.002108000000,  -0.80000,
,,,0.002108100000,  -1.60000,
,,,0.002108200000,  -0.80000,
,,,0.002108300000,  -1.60000,
,,,0.002108400000,  -1.60000,
,,,0.002108500000,  -3.20000,
,,,0.002108600000,  -2.40000,
,,,0.002108700000,  -2.40000,
,,,0.002108800000,  -1.60000,
,,,0.002108900000,  -1.60000,
,,,0.002109000000,  -1.60000,
,,,0.002109100000,  -2.40000,
,,,0.002109200000,  -1.60000,
,,,0.002109300000,  -1.60000,
,,,0.002109400000,  -2.40000,
,,,0.002109500000,  -1.60000,
,,,0.002109600000,  -1.60000,
,,,0.002109700000,  -1.60000,
,,,0.002109800000,  -1.60000,
,,,0.002109900000,  -1.60000,
,,,0.002110000000,  -1.60000,
,,,0.002110100000,  -2.40000,
,,,0.002110200000,  -1.60000,
,,,0.002110300000,  -1.60000,
,,,0.002110400000,  -2.40000,
,,,0.002110500000,  -1.60000,
,,,0.002110600000,  -1.60000,
,,,0.002110700000,  -2.40000,
,,,0.002110800000,  -2.40000,
,,,0.002110900000,  -1.60000,
,,,0.002111000000,  -1.60000,
,,,0.002111100000,  -2.40000,
,,,0.002111200000,  -1.60000,
,,,0.002111300000,  -2.40000,
,,,0.002111400000,  -2.40000,
,,,0.002111500000,  -1.60000,
,,,0.002111600000,  -2.40000,
,,,0.002111700000,  -1.60000,
,,,0.002111800000,  -2.40000,
,,,0.002111900000,  -2.40000,
,,,0.002112000000,  -2.40000,
,,,0.002112100000,  -1.60000,
,,,0.002112200000,  -2.40000,
,,,0.002112300000,  -1.60000,
,,,0.002112400000,  -1.60000,
,,,0.002112500000,  -2.40000,
,,,0.002112600000,  -2.40000,
,,,0.002112700000,  -1.60000,
,,,0.002112800000,  -1.60000,
,,,0.002112900000,  -1.60000,
,,,0.002113000000,  -1.60000,
,,,0.002113100000,  -1.60000,
,,,0.002113200000,  -1.60000,
,,,0.002113300000,  -1.60000,
,,,0.002113400000,  -2.40000,
,,,0.002113500000,  -1.60000,
,,,0.002113600000,  -2.40000,
,,,0.002113700000,  -2.40000,
,,,0.002113800000,  -2.40000,
,,,0.002113900000,  -1.60000,
,,,0.002114000000,  -2.40000,
,,,0.002114100000,  -0.80000,
,,,0.002114200000,  -1.60000,
,,,0.002114300000,  -0.80000,
,,,0.002114400000,  -2.40000,
,,,0.002114500000,  -0.80000,
,,,0.002114600000,  -1.60000,
,,,0.002114700000,  -1.60000,
,,,0.002114800000,  -1.60000,
,,,0.002114900000,  -1.60000,
,,,0.002115000000,  -2.40000,
,,,0.002115100000,  -2.40000,
,,,0.002115200000,  -3.20000,
,,,0.002115300000,  -2.40000,
,,,0.002115400000,  -1.60000,
,,,0.002115500000,  -1.60000,
,,,0.002115600000,  -1.60000,
,,,0.002115700000,  -2.40000,
,,,0.002115800000,  -2.40000,
,,,0.002115900000,  -2.40000,
,,,0.002116000000,  -2.40000,
,,,0.002116100000,  -1.60000,
,,,0.002116200000,  -2.40000,
,,,0.002116300000,  -2.40000,
,,,0.002116400000,  -1.60000,
,,,0.002116500000,  -1.60000,
,,,0.002116600000,  -1.60000,
,,,0.002116700000,  -1.60000,
,,,0.002116800000,  -0.80000,
,,,0.002116900000,  -2.40000,
,,,0.002117000000,  -1.60000,
,,,0.002117100000,  -0.80000,
,,,0.002117200000,  -2.40000,
,,,0.002117300000,  -1.60000,
,,,0.002117400000,  -1.60000,
,,,0.002117500000,  -2.40000,
,,,0.002117600000,  -1.60000,
,,,0.002117700000,  -1.60000,
,,,0.002117800000,  -1.60000,
,,,0.002117900000,  -1.60000,
,,,0.002118000000,  -1.60000,
,,,0.002118100000,  -1.60000,
,,,0.002118200000,  -2.40000,
,,,0.002118300000,  -1.60000,
,,,0.002118400000,  -2.40000,
,,,0.002118500000,  -2.40000,
,,,0.002118600000,  -1.60000,
,,,0.002118700000,  -1.60000,
,,,0.002118800000,  -1.60000,
,,,0.002118900000,  -2.40000,
,,,0.002119000000,  -1.60000,
,,,0.002119100000,  -2.40000,
,,,0.002119200000,  -1.60000,
,,,0.002119300000,  -1.60000,
,,,0.002119400000,  -2.40000,
,,,0.002119500000,  -1.60000,
,,,0.002119600000,  -0.80000,
,,,0.002119700000,  -0.80000,
,,,0.002119800000,  -1.60000,
,,,0.002119900000,  -1.60000,
,,,0.002120000000,  -1.60000,
,,,0.002120100000,  -1.60000,
,,,0.002120200000,  -2.40000,
,,,0.002120300000,  -2.40000,
,,,0.002120400000,  -1.60000,
,,,0.002120500000,  -1.60000,
,,,0.002120600000,  -2.40000,
,,,0.002120700000,  -2.40000,
,,,0.002120800000,  -1.60000,
,,,0.002120900000,  -3.20000,
,,,0.002121000000,  -1.60000,
,,,0.002121100000,  -2.40000,
,,,0.002121200000,  -1.60000,
,,,0.002121300000,  -1.60000,
,,,0.002121400000,  -1.60000,
,,,0.002121500000,  -2.40000,
,,,0.002121600000,  -0.80000,
,,,0.002121700000,  -2.40000,
,,,0.002121800000,  -2.40000,
,,,0.002121900000,  -1.60000,
,,,0.002122000000,  -1.60000,
,,,0.002122100000,  -2.40000,
,,,0.002122200000,  -2.40000,
,,,0.002122300000,  -1.60000,
,,,0.002122400000,  -2.40000,
,,,0.002122500000,  -2.40000,
,,,0.002122600000,  -1.60000,
,,,0.002122700000,  -2.40000,
,,,0.002122800000,  -2.40000,
,,,0.002122900000,  -1.60000,
,,,0.002123000000,  -1.60000,
,,,0.002123100000,  -1.60000,
,,,0.002123200000,  -1.60000,
,,,0.002123300000,  -1.60000,
,,,0.002123400000,  -2.40000,
,,,0.002123500000,  -2.40000,
,,,0.002123600000,  -1.60000,
,,,0.002123700000,  -2.40000,
,,,0.002123800000,  -1.60000,
,,,0.002123900000,  -2.40000,
,,,0.002124000000,  -0.80000,
,,,0.002124100000,  -1.60000,
,,,0.002124200000,  -3.20000,
,,,0.002124300000,  -1.60000,
,,,0.002124400000,  -1.60000,
,,,0.002124500000,  -1.60000,
,,,0.002124600000,  -1.60000,
,,,0.002124700000,  -0.80000,
,,,0.002124800000,  -0.80000,
,,,0.002124900000,  -1.60000,
,,,0.002125000000,  -2.40000,
,,,0.002125100000,  -2.40000,
,,,0.002125200000,  -2.40000,
,,,0.002125300000,  -1.60000,
,,,0.002125400000,  -1.60000,
,,,0.002125500000,  -1.60000,
,,,0.002125600000,  -2.40000,
,,,0.002125700000,  -2.40000,
,,,0.002125800000,  -2.40000,
,,,0.002125900000,  -1.60000,
,,,0.002126000000,  -1.60000,
,,,0.002126100000,  -1.60000,
,,,0.002126200000,  -1.60000,
,,,0.002126300000,  -0.80000,
,,,0.002126400000,  -1.60000,
,,,0.002126500000,  -1.60000,
,,,0.002126600000,  -1.60000,
,,,0.002126700000,  -2.40000,
,,,0.002126800000,  -2.40000,
,,,0.002126900000,  -0.80000,
,,,0.002127000000,  -1.60000,
,,,0.002127100000,  -1.60000,
,,,0.002127200000,  -1.60000,
,,,0.002127300000,  -1.60000,
,,,0.002127400000,  -1.60000,
,,,0.002127500000,  -2.40000,
,,,0.002127600000,  -1.60000,
,,,0.002127700000,  -2.40000,
,,,0.002127800000,  -1.60000,
,,,0.002127900000,  -0.80000,
,,,0.002128000000,  -0.80000,
,,,0.002128100000,  -2.40000,
,,,0.002128200000,  -1.60000,
,,,0.002128300000,  -1.60000,
,,,0.002128400000,  -2.40000,
,,,0.002128500000,  -2.40000,
,,,0.002128600000,  -2.40000,
,,,0.002128700000,  -1.60000,
,,,0.002128800000,  -2.40000,
,,,0.002128900000,  -1.60000,
,,,0.002129000000,  -1.60000,
,,,0.002129100000,  -0.80000,
,,,0.002129200000,  -2.40000,
,,,0.002129300000,  -2.40000,
,,,0.002129400000,  -2.40000,
,,,0.002129500000,  -2.40000,
,,,0.002129600000,  -1.60000,
,,,0.002129700000,  -0.80000,
,,,0.002129800000,  -2.40000,
,,,0.002129900000,  -3.20000,
,,,0.002130000000,  -2.40000,
,,,0.002130100000,  -2.40000,
,,,0.002130200000,  -1.60000,
,,,0.002130300000,  -2.40000,
,,,0.002130400000,  -2.40000,
,,,0.002130500000,  -1.60000,
,,,0.002130600000,  -1.60000,
,,,0.002130700000,  -2.40000,
,,,0.002130800000,  -2.40000,
,,,0.002130900000,  -2.40000,
,,,0.002131000000,  -1.60000,
,,,0.002131100000,  -1.60000,
,,,0.002131200000,  -1.60000,
,,,0.002131300000,  -1.60000,
,,,0.002131400000,  -1.60000,
,,,0.002131500000,  -1.60000,
,,,0.002131600000,  -2.40000,
,,,0.002131700000,  -2.40000,
,,,0.002131800000,  -2.40000,
,,,0.002131900000,  -1.60000,
,,,0.002132000000,  -1.60000,
,,,0.002132100000,  -2.40000,
,,,0.002132200000,  -2.40000,
,,,0.002132300000,  -1.60000,
,,,0.002132400000,  -2.40000,
,,,0.002132500000,  -1.60000,
,,,0.002132600000,  -1.60000,
,,,0.002132700000,  -1.60000,
,,,0.002132800000,  -2.40000,
,,,0.002132900000,  -1.60000,
,,,0.002133000000,  -1.60000,
,,,0.002133100000,  -2.40000,
,,,0.002133200000,  -1.60000,
,,,0.002133300000,  -1.60000,
,,,0.002133400000,  -2.40000,
,,,0.002133500000,  -1.60000,
,,,0.002133600000,  -1.60000,
,,,0.002133700000,  -0.80000,
,,,0.002133800000,  -2.40000,
,,,0.002133900000,  -1.60000,
,,,0.002134000000,  -1.60000,
,,,0.002134100000,  -2.40000,
,,,0.002134200000,  -1.60000,
,,,0.002134300000,  -0.80000,
,,,0.002134400000,  -1.60000,
,,,0.002134500000,  -0.80000,
,,,0.002134600000,  -1.60000,
,,,0.002134700000,  -1.60000,
,,,0.002134800000,  -0.80000,
,,,0.002134900000,  -2.40000,
,,,0.002135000000,  -2.40000,
,,,0.002135100000,  -1.60000,
,,,0.002135200000,  -1.60000,
,,,0.002135300000,  -1.60000,
,,,0.002135400000,  -1.60000,
,,,0.002135500000,  -2.40000,
,,,0.002135600000,  -2.40000,
,,,0.002135700000,  -2.40000,
,,,0.002135800000,  -2.40000,
,,,0.002135900000,  -2.40000,
,,,0.002136000000,  -1.60000,
,,,0.002136100000,  -2.40000,
,,,0.002136200000,  -1.60000,
,,,0.002136300000,  -1.60000,
,,,0.002136400000,  -1.60000,
,,,0.002136500000,  -2.40000,
,,,0.002136600000,  -3.20000,
,,,0.002136700000,  -2.40000,
,,,0.002136800000,  -2.40000,
,,,0.002136900000,  -0.80000,
,,,0.002137000000,  -2.40000,
,,,0.002137100000,  -2.40000,
,,,0.002137200000,  -1.60000,
,,,0.002137300000,  -2.40000,
,,,0.002137400000,  -2.40000,
,,,0.002137500000,  -1.60000,
,,,0.002137600000,  -2.40000,
,,,0.002137700000,  -1.60000,
,,,0.002137800000,  -1.60000,
,,,0.002137900000,  -0.80000,
,,,0.002138000000,  -1.60000,
,,,0.002138100000,  -2.40000,
,,,0.002138200000,  -2.40000,
,,,0.002138300000,  -2.40000,
,,,0.002138400000,  -2.40000,
,,,0.002138500000,  -1.60000,
,,,0.002138600000,  -2.40000,
,,,0.002138700000,  -2.40000,
,,,0.002138800000,  -2.40000,
,,,0.002138900000,  -2.40000,
,,,0.002139000000,  -0.80000,
,,,0.002139100000,  -1.60000,
,,,0.002139200000,  -2.40000,
,,,0.002139300000,  -2.40000,
,,,0.002139400000,  -0.80000,
,,,0.002139500000,  -1.60000,
,,,0.002139600000,  -0.80000,
,,,0.002139700000,  -2.40000,
,,,0.002139800000,  -2.40000,
,,,0.002139900000,  -1.60000,
,,,0.002140000000,  -2.40000,
,,,0.002140100000,  -2.40000,
,,,0.002140200000,  -1.60000,
,,,0.002140300000,  -2.40000,
,,,0.002140400000,  -3.20000,
,,,0.002140500000,  -1.60000,
,,,0.002140600000,  -2.40000,
,,,0.002140700000,  -2.40000,
,,,0.002140800000,  -2.40000,
,,,0.002140900000,  -2.40000,
,,,0.002141000000,  -1.60000,
,,,0.002141100000,  -0.80000,
,,,0.002141200000,  -2.40000,
,,,0.002141300000,  -2.40000,
,,,0.002141400000,  -0.80000,
,,,0.002141500000,  -2.40000,
,,,0.002141600000,  -2.40000,
,,,0.002141700000,  -1.60000,
,,,0.002141800000,  -1.60000,
,,,0.002141900000,  -2.40000,
,,,0.002142000000,  -2.40000,
,,,0.002142100000,  -1.60000,
,,,0.002142200000,  -1.60000,
,,,0.002142300000,  -2.40000,
,,,0.002142400000,  -1.60000,
,,,0.002142500000,  -1.60000,
,,,0.002142600000,  -2.40000,
,,,0.002142700000,  -3.20000,
,,,0.002142800000,  -1.60000,
,,,0.002142900000,  -1.60000,
,,,0.002143000000,  -1.60000,
,,,0.002143100000,  -1.60000,
,,,0.002143200000,  -2.40000,
,,,0.002143300000,  -1.60000,
,,,0.002143400000,  -1.60000,
,,,0.002143500000,  -2.40000,
,,,0.002143600000,  -1.60000,
,,,0.002143700000,  -2.40000,
,,,0.002143800000,  -2.40000,
,,,0.002143900000,  -2.40000,
,,,0.002144000000,  -2.40000,
,,,0.002144100000,  -2.40000,
,,,0.002144200000,  -1.60000,
,,,0.002144300000,  -2.40000,
,,,0.002144400000,  -0.80000,
,,,0.002144500000,  -0.80000,
,,,0.002144600000,  -3.20000,
,,,0.002144700000,  -1.60000,
,,,0.002144800000,  -2.40000,
,,,0.002144900000,  -2.40000,
,,,0.002145000000,  -0.80000,
,,,0.002145100000,  -1.60000,
,,,0.002145200000,  -1.60000,
,,,0.002145300000,  -2.40000,
,,,0.002145400000,  -2.40000,
,,,0.002145500000,  -2.40000,
,,,0.002145600000,  -1.60000,
,,,0.002145700000,  -1.60000,
,,,0.002145800000,  -2.40000,
,,,0.002145900000,  -2.40000,
,,,0.002146000000,  -1.60000,
,,,0.002146100000,  -1.60000,
,,,0.002146200000,  -1.60000,
,,,0.002146300000,  -1.60000,
,,,0.002146400000,  -2.40000,
,,,0.002146500000,  -0.80000,
,,,0.002146600000,  -1.60000,
,,,0.002146700000,  -1.60000,
,,,0.002146800000,  -1.60000,
,,,0.002146900000,  -1.60000,
,,,0.002147000000,  -2.40000,
,,,0.002147100000,  -1.60000,
,,,0.002147200000,  -1.60000,
,,,0.002147300000,  -2.40000,
,,,0.002147400000,  -1.60000,
,,,0.002147500000,  -2.40000,
,,,0.002147600000,  -1.60000,
,,,0.002147700000,  -1.60000,
,,,0.002147800000,  -0.80000,
,,,0.002147900000,  -1.60000,
,,,0.002148000000,  -1.60000,
,,,0.002148100000,  -2.40000,
,,,0.002148200000,  -1.60000,
,,,0.002148300000,  -2.40000,
,,,0.002148400000,  -0.80000,
,,,0.002148500000,  -1.60000,
,,,0.002148600000,  -2.40000,
,,,0.002148700000,  -2.40000,
,,,0.002148800000,  -2.40000,
,,,0.002148900000,  -2.40000,
,,,0.002149000000,  -2.40000,
,,,0.002149100000,  -1.60000,
,,,0.002149200000,  -2.40000,
,,,0.002149300000,  -2.40000,
,,,0.002149400000,  -1.60000,
,,,0.002149500000,  -1.60000,
,,,0.002149600000,  -1.60000,
,,,0.002149700000,  -2.40000,
,,,0.002149800000,  -2.40000,
,,,0.002149900000,  -2.40000,
,,,0.002150000000,  -3.20000,
,,,0.002150100000,  -1.60000,
,,,0.002150200000,  -1.60000,
,,,0.002150300000,  -1.60000,
,,,0.002150400000,  -1.60000,
,,,0.002150500000,  -0.80000,
,,,0.002150600000,  -1.60000,
,,,0.002150700000,  -2.40000,
,,,0.002150800000,  -2.40000,
,,,0.002150900000,  -1.60000,
,,,0.002151000000,  -2.40000,
,,,0.002151100000,  -0.80000,
,,,0.002151200000,  -2.40000,
,,,0.002151300000,  -0.80000,
,,,0.002151400000,  -2.40000,
,,,0.002151500000,  -2.40000,
,,,0.002151600000,  -1.60000,
,,,0.002151700000,  -1.60000,
,,,0.002151800000,  -1.60000,
,,,0.002151900000,  -2.40000,
,,,0.002152000000,  -1.60000,
,,,0.002152100000,  -1.60000,
,,,0.002152200000,  -1.60000,
,,,0.002152300000,  -1.60000,
,,,0.002152400000,  -2.40000,
,,,0.002152500000,  -2.40000,
,,,0.002152600000,  -1.60000,
,,,0.002152700000,  -1.60000,
,,,0.002152800000,  -1.60000,
,,,0.002152900000,  -2.40000,
,,,0.002153000000,  -1.60000,
,,,0.002153100000,  -1.60000,
,,,0.002153200000,  -1.60000,
,,,0.002153300000,  -2.40000,
,,,0.002153400000,  -2.40000,
,,,0.002153500000,  -1.60000,
,,,0.002153600000,  -1.60000,
,,,0.002153700000,  -1.60000,
,,,0.002153800000,  -1.60000,
,,,0.002153900000,  -1.60000,
,,,0.002154000000,  -2.40000,
,,,0.002154100000,  -1.60000,
,,,0.002154200000,  -2.40000,
,,,0.002154300000,  -1.60000,
,,,0.002154400000,  -1.60000,
,,,0.002154500000,  -1.60000,
,,,0.002154600000,  -1.60000,
,,,0.002154700000,  -2.40000,
,,,0.002154800000,  -3.20000,
,,,0.002154900000,  -2.40000,
,,,0.002155000000,  -2.40000,
,,,0.002155100000,  -2.40000,
,,,0.002155200000,  -2.40000,
,,,0.002155300000,  -2.40000,
,,,0.002155400000,  -1.60000,
,,,0.002155500000,  -2.40000,
,,,0.002155600000,  -2.40000,
,,,0.002155700000,  -2.40000,
,,,0.002155800000,  -2.40000,
,,,0.002155900000,  -1.60000,
,,,0.002156000000,  -1.60000,
,,,0.002156100000,  -1.60000,
,,,0.002156200000,  -1.60000,
,,,0.002156300000,  -2.40000,
,,,0.002156400000,  -1.60000,
,,,0.002156500000,  -2.40000,
,,,0.002156600000,  -2.40000,
,,,0.002156700000,  -1.60000,
,,,0.002156800000,  -1.60000,
,,,0.002156900000,  -1.60000,
,,,0.002157000000,  -1.60000,
,,,0.002157100000,  -2.40000,
,,,0.002157200000,  -2.40000,
,,,0.002157300000,  -2.40000,
,,,0.002157400000,  -1.60000,
,,,0.002157500000,  -1.60000,
,,,0.002157600000,  -2.40000,
,,,0.002157700000,  -1.60000,
,,,0.002157800000,  -2.40000,
,,,0.002157900000,  -1.60000,
,,,0.002158000000,  -2.40000,
,,,0.002158100000,  -2.40000,
,,,0.002158200000,  -2.40000,
,,,0.002158300000,  -1.60000,
,,,0.002158400000,  -1.60000,
,,,0.002158500000,  -1.60000,
,,,0.002158600000,  -2.40000,
,,,0.002158700000,  -2.40000,
,,,0.002158800000,  -1.60000,
,,,0.002158900000,  -2.40000,
,,,0.002159000000,  -2.40000,
,,,0.002159100000,  -1.60000,
,,,0.002159200000,  -2.40000,
,,,0.002159300000,  -2.40000,
,,,0.002159400000,  -0.80000,
,,,0.002159500000,  -2.40000,
,,,0.002159600000,  -2.40000,
,,,0.002159700000,  -1.60000,
,,,0.002159800000,  -2.40000,
,,,0.002159900000,  -2.40000,
,,,0.002160000000,  -0.80000,
,,,0.002160100000,  -1.60000,
,,,0.002160200000,  -1.60000,
,,,0.002160300000,  -1.60000,
,,,0.002160400000,  -1.60000,
,,,0.002160500000,  -2.40000,
,,,0.002160600000,  -2.40000,
,,,0.002160700000,  -2.40000,
,,,0.002160800000,  -2.40000,
,,,0.002160900000,  -1.60000,
,,,0.002161000000,  -0.80000,
,,,0.002161100000,  -1.60000,
,,,0.002161200000,  -1.60000,
,,,0.002161300000,  -2.40000,
,,,0.002161400000,  -2.40000,
,,,0.002161500000,  -2.40000,
,,,0.002161600000,  -2.40000,
,,,0.002161700000,  -1.60000,
,,,0.002161800000,  -1.60000,
,,,0.002161900000,  -1.60000,
,,,0.002162000000,  -1.60000,
,,,0.002162100000,  -1.60000,
,,,0.002162200000,  -1.60000,
,,,0.002162300000,  -1.60000,
,,,0.002162400000,  -1.60000,
,,,0.002162500000,  -2.40000,
,,,0.002162600000,  -2.40000,
,,,0.002162700000,  -2.40000,
,,,0.002162800000,  -2.40000,
,,,0.002162900000,  -1.60000,
,,,0.002163000000,  -1.60000,
,,,0.002163100000,  -2.40000,
,,,0.002163200000,  -1.60000,
,,,0.002163300000,  -1.60000,
,,,0.002163400000,  -1.60000,
,,,0.002163500000,  -1.60000,
,,,0.002163600000,  -1.60000,
,,,0.002163700000,  -1.60000,
,,,0.002163800000,  -2.40000,
,,,0.002163900000,  -2.40000,
,,,0.002164000000,  -2.40000,
,,,0.002164100000,  -1.60000,
,,,0.002164200000,  -1.60000,
,,,0.002164300000,  -2.40000,
,,,0.002164400000,  -2.40000,
,,,0.002164500000,  -1.60000,
,,,0.002164600000,  -3.20000,
,,,0.002164700000,  -1.60000,
,,,0.002164800000,  -1.60000,
,,,0.002164900000,  -1.60000,
,,,0.002165000000,  -1.60000,
,,,0.002165100000,  -2.40000,
,,,0.002165200000,  -2.40000,
,,,0.002165300000,  -2.40000,
,,,0.002165400000,  -1.60000,
,,,0.002165500000,  -2.40000,
,,,0.002165600000,  -1.60000,
,,,0.002165700000,  -1.60000,
,,,0.002165800000,  -1.60000,
,,,0.002165900000,  -0.80000,
,,,0.002166000000,  -1.60000,
,,,0.002166100000,  -1.60000,
,,,0.002166200000,  -2.40000,
,,,0.002166300000,  -2.40000,
,,,0.002166400000,  -2.40000,
,,,0.002166500000,  -1.60000,
,,,0.002166600000,  -1.60000,
,,,0.002166700000,  -1.60000,
,,,0.002166800000,  -1.60000,
,,,0.002166900000,  -1.60000,
,,,0.002167000000,  -1.60000,
,,,0.002167100000,  -2.40000,
,,,0.002167200000,  -1.60000,
,,,0.002167300000,  -1.60000,
,,,0.002167400000,  -1.60000,
,,,0.002167500000,  -1.60000,
,,,0.002167600000,  -0.80000,
,,,0.002167700000,  -2.40000,
,,,0.002167800000,  -1.60000,
,,,0.002167900000,  -2.40000,
,,,0.002168000000,  -2.40000,
,,,0.002168100000,  -2.40000,
,,,0.002168200000,  -0.80000,
,,,0.002168300000,  -1.60000,
,,,0.002168400000,  -2.40000,
,,,0.002168500000,  -1.60000,
,,,0.002168600000,  -2.40000,
,,,0.002168700000,  -0.80000,
,,,0.002168800000,  -1.60000,
,,,0.002168900000,  -2.40000,
,,,0.002169000000,  -2.40000,
,,,0.002169100000,  -1.60000,
,,,0.002169200000,  -2.40000,
,,,0.002169300000,  -1.60000,
,,,0.002169400000,  -2.40000,
,,,0.002169500000,  -3.20000,
,,,0.002169600000,  -1.60000,
,,,0.002169700000,  -2.40000,
,,,0.002169800000,  -2.40000,
,,,0.002169900000,  -0.80000,
,,,0.002170000000,  -2.40000,
,,,0.002170100000,  -2.40000,
,,,0.002170200000,  -1.60000,
,,,0.002170300000,  -2.40000,
,,,0.002170400000,  -1.60000,
,,,0.002170500000,  -1.60000,
,,,0.002170600000,  -2.40000,
,,,0.002170700000,  -2.40000,
,,,0.002170800000,  -1.60000,
,,,0.002170900000,  -1.60000,
,,,0.002171000000,  -3.20000,
,,,0.002171100000,  -1.60000,
,,,0.002171200000,  -3.20000,
,,,0.002171300000,  -2.40000,
,,,0.002171400000,  -2.40000,
,,,0.002171500000,  -2.40000,
,,,0.002171600000,  -1.60000,
,,,0.002171700000,  -1.60000,
,,,0.002171800000,  -1.60000,
,,,0.002171900000,  -1.60000,
,,,0.002172000000,  -2.40000,
,,,0.002172100000,  -1.60000,
,,,0.002172200000,  -1.60000,
,,,0.002172300000,  -1.60000,
,,,0.002172400000,  -3.20000,
,,,0.002172500000,  -2.40000,
,,,0.002172600000,  -2.40000,
,,,0.002172700000,  -2.40000,
,,,0.002172800000,  -2.40000,
,,,0.002172900000,  -3.20000,
,,,0.002173000000,  -1.60000,
,,,0.002173100000,  -2.40000,
,,,0.002173200000,  -2.40000,
,,,0.002173300000,  -1.60000,
,,,0.002173400000,  -2.40000,
,,,0.002173500000,  -2.40000,
,,,0.002173600000,  -0.80000,
,,,0.002173700000,  -2.40000,
,,,0.002173800000,  -2.40000,
,,,0.002173900000,  -2.40000,
,,,0.002174000000,  -1.60000,
,,,0.002174100000,  -1.60000,
,,,0.002174200000,  -1.60000,
,,,0.002174300000,  -1.60000,
,,,0.002174400000,  -1.60000,
,,,0.002174500000,  -1.60000,
,,,0.002174600000,  -2.40000,
,,,0.002174700000,  -1.60000,
,,,0.002174800000,  -2.40000,
,,,0.002174900000,  -2.40000,
